table with row headers in column A and column headers in rows 3 through 4 (leading dots indicate sub-parts),,,,,,,
"Annual Estimates of the Resident Population for Counties in Tennessee: April 1, 2020 to July 1, 2025",,,,,,,
Geographic Area,"April 1, 2020 Estimates Base",Population Estimate (as of July 1),,,,,
,,2020,2021,2022,2023,2024,2025
Tennessee,"6,912,319","6,927,736","6,966,687","7,063,325","7,153,029","7,251,291","7,315,076"
".Anderson County, Tennessee","77,170","77,347","77,678","79,042","80,369","81,574","82,066"
".Bedford County, Tennessee","50,237","50,381","51,168","52,045","53,249","54,458","55,273"
".Benton County, Tennessee","15,858","15,847","15,825","15,982","16,160","16,105","16,183"
".Bledsoe County, Tennessee","14,907","14,945","14,837","14,755","14,996","15,573","15,920"
".Blount County, Tennessee","135,290","135,666","137,641","139,838","141,407","142,272","143,820"
".Bradley County, Tennessee","108,620","108,832","109,783","110,790","112,196","114,114","115,465"
".Campbell County, Tennessee","39,280","39,310","39,483","39,576","40,228","40,325","40,290"
".Cannon County, Tennessee","14,508","14,564","14,550","14,781","15,038","15,157","15,296"
".Carroll County, Tennessee","28,432","28,427","28,298","28,428","29,007","29,203","29,200"
".Carter County, Tennessee","56,365","56,391","56,128","56,528","57,047","57,368","57,361"
".Cheatham County, Tennessee","41,023","41,088","41,455","41,723","42,223","42,616","42,778"
".Chester County, Tennessee","17,348","17,379","17,481","17,577","17,712","17,841","17,994"
".Claiborne County, Tennessee","32,041","32,075","32,047","32,371","32,667","32,940","33,229"
".Clay County, Tennessee","7,579","7,588","7,586","7,621","7,666","7,810","7,821"
".Cocke County, Tennessee","35,997","36,043","36,374","36,804","37,359","37,736","37,889"
".Coffee County, Tennessee","57,873","58,132","59,002","59,660","60,562","61,473","62,419"
".Crockett County, Tennessee","13,910","13,907","13,983","13,873","13,967","13,963","14,006"
".Cumberland County, Tennessee","61,153","61,381","62,407","63,524","64,817","65,630","66,300"
".Davidson County, Tennessee","715,887","716,153","701,450","712,156","720,989","736,623","745,904"
".Decatur County, Tennessee","11,434","11,429","11,392","11,527","11,685","11,738","11,820"
".DeKalb County, Tennessee","20,074","20,186","20,503","20,987","21,301","21,684","21,873"
".Dickson County, Tennessee","54,316","54,452","55,189","55,777","56,882","57,804","58,662"
".Dyer County, Tennessee","36,799","36,710","36,621","36,415","36,495","36,484","36,320"
".Fayette County, Tennessee","41,717","41,868","42,610","43,294","44,130","44,542","45,071"
".Fentress County, Tennessee","18,487","18,533","18,839","19,318","19,651","20,021","20,322"
".Franklin County, Tennessee","42,767","42,842","43,197","44,166","44,724","45,191","45,579"
".Gibson County, Tennessee","50,409","50,443","50,499","50,891","51,245","51,645","51,779"
".Giles County, Tennessee","30,345","30,346","30,428","30,572","30,879","31,016","31,433"
".Grainger County, Tennessee","23,532","23,572","23,794","24,208","24,713","25,098","25,739"
".Greene County, Tennessee","70,153","70,339","70,582","71,286","72,518","73,345","73,831"
".Grundy County, Tennessee","13,526","13,541","13,577","13,787","13,954","14,118","14,116"
".Hamblen County, Tennessee","64,507","64,553","64,390","65,303","66,582","68,177","68,843"
".Hamilton County, Tennessee","366,840","367,886","369,725","375,738","381,087","387,268","390,833"
".Hancock County, Tennessee","6,661","6,628","6,791","6,839","6,974","7,046","7,075"
".Hardeman County, Tennessee","25,460","25,435","25,259","25,483","25,555","25,527","25,274"
".Hardin County, Tennessee","26,968","26,948","26,977","27,215","27,433","27,672","27,983"
".Hawkins County, Tennessee","56,718","56,715","57,200","57,919","58,587","59,422","59,559"
".Haywood County, Tennessee","17,864","17,827","17,666","17,468","17,377","17,211","17,042"
".Henderson County, Tennessee","27,844","27,833","27,918","27,912","28,083","28,229","28,518"
".Henry County, Tennessee","32,197","32,149","32,252","32,328","32,504","32,920","32,896"
".Hickman County, Tennessee","24,910","24,972","25,080","25,466","25,794","25,913","26,219"
".Houston County, Tennessee","8,273","8,295","8,298","8,232","8,391","8,525","8,479"
".Humphreys County, Tennessee","18,989","18,998","19,179","19,039","19,286","19,542","19,646"
".Jackson County, Tennessee","11,620","11,637","11,771","12,019","12,355","12,447","12,466"
".Jefferson County, Tennessee","54,666","54,897","55,535","56,695","57,849","59,217","60,024"
".Johnson County, Tennessee","17,944","17,985","18,042","18,005","18,325","18,522","18,718"
".Knox County, Tennessee","478,925","480,472","486,009","495,827","501,589","507,597","511,453"
".Lake County, Tennessee","7,001","6,988","6,569","6,479","6,385","6,339","6,249"
".Lauderdale County, Tennessee","25,139","25,115","24,860","24,690","24,504","24,540","24,617"
".Lawrence County, Tennessee","44,158","44,185","44,783","45,480","46,091","46,644","46,914"
".Lewis County, Tennessee","12,586","12,609","12,854","12,935","13,126","13,354","13,487"
".Lincoln County, Tennessee","35,322","35,332","35,441","35,984","36,157","36,715","36,853"
".Loudon County, Tennessee","54,889","55,144","56,833","58,286","60,699","62,642","63,764"
".McMinn County, Tennessee","53,272","53,347","53,940","54,732","55,814","56,732","57,404"
".McNairy County, Tennessee","25,868","25,868","25,858","25,968","26,066","26,137","26,236"
".Macon County, Tennessee","25,212","25,260","25,670","26,222","26,868","27,292","27,663"
".Madison County, Tennessee","98,831","98,832","98,591","99,283","99,518","100,267","100,790"
".Marion County, Tennessee","28,841","28,874","28,923","29,061","29,393","29,761","29,804"
".Marshall County, Tennessee","34,318","34,467","35,050","35,857","37,048","37,882","38,071"
".Maury County, Tennessee","100,957","101,812","105,005","108,048","111,022","114,456","118,131"
".Meigs County, Tennessee","12,756","12,808","13,030","13,268","13,695","13,990","14,186"
".Monroe County, Tennessee","46,249","46,399","46,665","47,719","48,601","49,338","49,730"
".Montgomery County, Tennessee","220,012","221,286","227,781","235,141","240,192","246,281","249,935"
".Moore County, Tennessee","6,467","6,472","6,654","6,726","6,802","6,822","6,920"
".Morgan County, Tennessee","21,037","21,051","21,137","21,184","21,542","22,075","22,160"
".Obion County, Tennessee","30,795","30,779","30,467","30,360","30,402","30,256","30,067"
".Overton County, Tennessee","22,510","22,590","22,828","22,974","23,352","23,582","23,787"
".Perry County, Tennessee","8,384","8,383","8,496","8,692","8,927","8,986","9,126"
".Pickett County, Tennessee","5,005","5,002","5,073","5,106","5,129","5,146","5,219"
".Polk County, Tennessee","17,536","17,558","17,704","17,776","18,064","18,408","18,592"
".Putnam County, Tennessee","79,874","80,101","81,281","82,590","83,902","85,011","86,612"
".Rhea County, Tennessee","33,235","33,302","33,508","33,999","34,264","34,716","34,844"
".Roane County, Tennessee","53,544","53,666","54,165","55,279","56,218","56,769","57,395"
".Robertson County, Tennessee","72,809","72,958","74,047","75,402","76,948","78,830","80,175"
".Rutherford County, Tennessee","341,482","343,285","351,202","362,373","370,483","380,086","386,352"
".Scott County, Tennessee","21,852","21,880","21,904","22,038","22,253","22,553","22,671"
".Sequatchie County, Tennessee","15,826","15,848","16,447","16,917","17,168","17,609","17,861"
".Sevier County, Tennessee","98,677","98,848","99,625","99,362","100,410","101,224","101,342"
".Shelby County, Tennessee","930,012","929,720","923,315","919,092","915,501","915,438","910,226"
".Smith County, Tennessee","19,906","19,963","20,175","20,471","20,538","20,785","20,981"
".Stewart County, Tennessee","13,656","13,708","13,820","14,011","14,269","14,373","14,439"
".Sullivan County, Tennessee","158,146","158,238","159,250","160,899","161,953","162,709","163,759"
".Sumner County, Tennessee","196,289","197,416","200,578","204,002","208,501","212,181","215,538"
".Tipton County, Tennessee","60,976","61,050","61,083","61,606","61,957","62,306","62,287"
".Trousdale County, Tennessee","11,606","11,646","11,621","12,089","12,327","12,189","12,623"
".Unicoi County, Tennessee","17,911","17,873","17,617","17,607","17,823","17,925","17,856"
".Union County, Tennessee","19,807","19,847","20,020","20,483","20,760","21,136","21,450"
".Van Buren County, Tennessee","6,168","6,174","6,297","6,457","6,576","6,683","6,874"
".Warren County, Tennessee","40,953","41,057","41,478","41,978","42,615","43,544","43,717"
".Washington County, Tennessee","132,999","133,211","133,461","136,273","138,454","139,574","141,199"
".Wayne County, Tennessee","16,229","16,220","16,331","16,254","16,050","16,034","16,416"
".Weakley County, Tennessee","32,908","32,908","32,905","33,052","33,167","33,216","33,261"
".White County, Tennessee","27,351","27,441","27,559","28,016","28,715","29,227","29,612"
".Williamson County, Tennessee","247,790","249,614","256,192","261,335","264,898","268,486","272,061"
".Wilson County, Tennessee","147,745","148,654","152,095","158,979","164,275","170,340","175,033"
"The Census Bureau has reviewed this data product to ensure appropriate access, use, and disclosure avoidance protection of the confidential source data used to produce this product (Data Management System (DMS) number: P-6000042 and P-7501659. Disclosure Review Board (DRB) approval number: CBDRB-FY25-0466). ",,,,,,,
"The estimates are based on the 2020 Modified Age and Race Census (MARC) file and include changes from Count Question Resolution, the Post-Census Group Quarters Review, and geographic revisions. The estimates add births to, subtract deaths from, and add net migration to the April 1, 2020 estimates base. For population estimates methodology statements, see https://www.census.gov/programs-surveys/popest/technical-documentation/methodology.html. All geographic boundaries for the 2025 population estimates series are as of January 1, 2025.",,,,,,,
Suggested Citation:,,,,,,,
"Annual Estimates of the Resident Population for Counties in Tennessee: April 1, 2020 to July 1, 2025 (CO-EST2025-POP-47)",,,,,,,
"Source: U.S. Census Bureau, Population Division",,,,,,,
Release Date: March 2026,,,,,,,
