county_state,year,population
"ANDERSON, TENNESSEE",2016,75528
"ANDERSON, TENNESSEE",2017,76056
"ANDERSON, TENNESSEE",2018,76287
"ANDERSON, TENNESSEE",2019,76978
"ANDERSON, TENNESSEE",2020,77347
"ANDERSON, TENNESSEE",2021,77678
"ANDERSON, TENNESSEE",2022,79042
"ANDERSON, TENNESSEE",2023,80369
"ANDERSON, TENNESSEE",2024,81574
"ANDERSON, TENNESSEE",2025,82066
"BEDFORD, TENNESSEE",2016,47442
"BEDFORD, TENNESSEE",2017,48211
"BEDFORD, TENNESSEE",2018,49146
"BEDFORD, TENNESSEE",2019,49713
"BEDFORD, TENNESSEE",2020,50381
"BEDFORD, TENNESSEE",2021,51168
"BEDFORD, TENNESSEE",2022,52045
"BEDFORD, TENNESSEE",2023,53249
"BEDFORD, TENNESSEE",2024,54458
"BEDFORD, TENNESSEE",2025,55273
"BENTON, TENNESSEE",2016,16082
"BENTON, TENNESSEE",2017,15993
"BENTON, TENNESSEE",2018,16246
"BENTON, TENNESSEE",2019,16160
"BENTON, TENNESSEE",2020,15847
"BENTON, TENNESSEE",2021,15825
"BENTON, TENNESSEE",2022,15982
"BENTON, TENNESSEE",2023,16160
"BENTON, TENNESSEE",2024,16105
"BENTON, TENNESSEE",2025,16183
"BLEDSOE, TENNESSEE",2016,14738
"BLEDSOE, TENNESSEE",2017,14895
"BLEDSOE, TENNESSEE",2018,14883
"BLEDSOE, TENNESSEE",2019,15064
"BLEDSOE, TENNESSEE",2020,14945
"BLEDSOE, TENNESSEE",2021,14837
"BLEDSOE, TENNESSEE",2022,14755
"BLEDSOE, TENNESSEE",2023,14996
"BLEDSOE, TENNESSEE",2024,15573
"BLEDSOE, TENNESSEE",2025,15920
"BLOUNT, TENNESSEE",2016,128264
"BLOUNT, TENNESSEE",2017,129999
"BLOUNT, TENNESSEE",2018,131331
"BLOUNT, TENNESSEE",2019,133088
"BLOUNT, TENNESSEE",2020,135666
"BLOUNT, TENNESSEE",2021,137641
"BLOUNT, TENNESSEE",2022,139838
"BLOUNT, TENNESSEE",2023,141407
"BLOUNT, TENNESSEE",2024,142272
"BLOUNT, TENNESSEE",2025,143820
"BRADLEY, TENNESSEE",2016,104390
"BRADLEY, TENNESSEE",2017,105421
"BRADLEY, TENNESSEE",2018,107050
"BRADLEY, TENNESSEE",2019,108110
"BRADLEY, TENNESSEE",2020,108832
"BRADLEY, TENNESSEE",2021,109783
"BRADLEY, TENNESSEE",2022,110790
"BRADLEY, TENNESSEE",2023,112196
"BRADLEY, TENNESSEE",2024,114114
"BRADLEY, TENNESSEE",2025,115465
"CAMPBELL, TENNESSEE",2016,39784
"CAMPBELL, TENNESSEE",2017,39791
"CAMPBELL, TENNESSEE",2018,39795
"CAMPBELL, TENNESSEE",2019,39842
"CAMPBELL, TENNESSEE",2020,39310
"CAMPBELL, TENNESSEE",2021,39483
"CAMPBELL, TENNESSEE",2022,39576
"CAMPBELL, TENNESSEE",2023,40228
"CAMPBELL, TENNESSEE",2024,40325
"CAMPBELL, TENNESSEE",2025,40290
"CANNON, TENNESSEE",2016,13876
"CANNON, TENNESSEE",2017,14157
"CANNON, TENNESSEE",2018,14440
"CANNON, TENNESSEE",2019,14678
"CANNON, TENNESSEE",2020,14564
"CANNON, TENNESSEE",2021,14550
"CANNON, TENNESSEE",2022,14781
"CANNON, TENNESSEE",2023,15038
"CANNON, TENNESSEE",2024,15157
"CANNON, TENNESSEE",2025,15296
"CARROLL, TENNESSEE",2016,27901
"CARROLL, TENNESSEE",2017,27807
"CARROLL, TENNESSEE",2018,27975
"CARROLL, TENNESSEE",2019,27767
"CARROLL, TENNESSEE",2020,28427
"CARROLL, TENNESSEE",2021,28298
"CARROLL, TENNESSEE",2022,28428
"CARROLL, TENNESSEE",2023,29007
"CARROLL, TENNESSEE",2024,29203
"CARROLL, TENNESSEE",2025,29200
"CARTER, TENNESSEE",2016,56473
"CARTER, TENNESSEE",2017,56510
"CARTER, TENNESSEE",2018,56417
"CARTER, TENNESSEE",2019,56391
"CARTER, TENNESSEE",2020,56391
"CARTER, TENNESSEE",2021,56128
"CARTER, TENNESSEE",2022,56528
"CARTER, TENNESSEE",2023,57047
"CARTER, TENNESSEE",2024,57368
"CARTER, TENNESSEE",2025,57361
"CHEATHAM, TENNESSEE",2016,39775
"CHEATHAM, TENNESSEE",2017,40366
"CHEATHAM, TENNESSEE",2018,40502
"CHEATHAM, TENNESSEE",2019,40667
"CHEATHAM, TENNESSEE",2020,41088
"CHEATHAM, TENNESSEE",2021,41455
"CHEATHAM, TENNESSEE",2022,41723
"CHEATHAM, TENNESSEE",2023,42223
"CHEATHAM, TENNESSEE",2024,42616
"CHEATHAM, TENNESSEE",2025,42778
"CHESTER, TENNESSEE",2016,17130
"CHESTER, TENNESSEE",2017,17154
"CHESTER, TENNESSEE",2018,17245
"CHESTER, TENNESSEE",2019,17297
"CHESTER, TENNESSEE",2020,17379
"CHESTER, TENNESSEE",2021,17481
"CHESTER, TENNESSEE",2022,17577
"CHESTER, TENNESSEE",2023,17712
"CHESTER, TENNESSEE",2024,17841
"CHESTER, TENNESSEE",2025,17994
"CLAIBORNE, TENNESSEE",2016,31634
"CLAIBORNE, TENNESSEE",2017,31661
"CLAIBORNE, TENNESSEE",2018,31850
"CLAIBORNE, TENNESSEE",2019,31959
"CLAIBORNE, TENNESSEE",2020,32075
"CLAIBORNE, TENNESSEE",2021,32047
"CLAIBORNE, TENNESSEE",2022,32371
"CLAIBORNE, TENNESSEE",2023,32667
"CLAIBORNE, TENNESSEE",2024,32940
"CLAIBORNE, TENNESSEE",2025,33229
"CLAY, TENNESSEE",2016,7654
"CLAY, TENNESSEE",2017,7663
"CLAY, TENNESSEE",2018,7677
"CLAY, TENNESSEE",2019,7615
"CLAY, TENNESSEE",2020,7588
"CLAY, TENNESSEE",2021,7586
"CLAY, TENNESSEE",2022,7621
"CLAY, TENNESSEE",2023,7666
"CLAY, TENNESSEE",2024,7810
"CLAY, TENNESSEE",2025,7821
"COCKE, TENNESSEE",2016,35234
"COCKE, TENNESSEE",2017,35528
"COCKE, TENNESSEE",2018,35858
"COCKE, TENNESSEE",2019,36004
"COCKE, TENNESSEE",2020,36043
"COCKE, TENNESSEE",2021,36374
"COCKE, TENNESSEE",2022,36804
"COCKE, TENNESSEE",2023,37359
"COCKE, TENNESSEE",2024,37736
"COCKE, TENNESSEE",2025,37889
"COFFEE, TENNESSEE",2016,54537
"COFFEE, TENNESSEE",2017,55016
"COFFEE, TENNESSEE",2018,55877
"COFFEE, TENNESSEE",2019,56520
"COFFEE, TENNESSEE",2020,58132
"COFFEE, TENNESSEE",2021,59002
"COFFEE, TENNESSEE",2022,59660
"COFFEE, TENNESSEE",2023,60562
"COFFEE, TENNESSEE",2024,61473
"COFFEE, TENNESSEE",2025,62419
"CROCKETT, TENNESSEE",2016,14448
"CROCKETT, TENNESSEE",2017,14436
"CROCKETT, TENNESSEE",2018,14296
"CROCKETT, TENNESSEE",2019,14230
"CROCKETT, TENNESSEE",2020,13907
"CROCKETT, TENNESSEE",2021,13983
"CROCKETT, TENNESSEE",2022,13873
"CROCKETT, TENNESSEE",2023,13967
"CROCKETT, TENNESSEE",2024,13963
"CROCKETT, TENNESSEE",2025,14006
"CUMBERLAND, TENNESSEE",2016,58580
"CUMBERLAND, TENNESSEE",2017,59023
"CUMBERLAND, TENNESSEE",2018,59738
"CUMBERLAND, TENNESSEE",2019,60520
"CUMBERLAND, TENNESSEE",2020,61381
"CUMBERLAND, TENNESSEE",2021,62407
"CUMBERLAND, TENNESSEE",2022,63524
"CUMBERLAND, TENNESSEE",2023,64817
"CUMBERLAND, TENNESSEE",2024,65630
"CUMBERLAND, TENNESSEE",2025,66300
"DAVIDSON, TENNESSEE",2016,685829
"DAVIDSON, TENNESSEE",2017,687159
"DAVIDSON, TENNESSEE",2018,690516
"DAVIDSON, TENNESSEE",2019,694144
"DAVIDSON, TENNESSEE",2020,716153
"DAVIDSON, TENNESSEE",2021,701450
"DAVIDSON, TENNESSEE",2022,712156
"DAVIDSON, TENNESSEE",2023,720989
"DAVIDSON, TENNESSEE",2024,736623
"DAVIDSON, TENNESSEE",2025,745904
"DECATUR, TENNESSEE",2016,11735
"DECATUR, TENNESSEE",2017,11732
"DECATUR, TENNESSEE",2018,11699
"DECATUR, TENNESSEE",2019,11663
"DECATUR, TENNESSEE",2020,11429
"DECATUR, TENNESSEE",2021,11392
"DECATUR, TENNESSEE",2022,11527
"DECATUR, TENNESSEE",2023,11685
"DECATUR, TENNESSEE",2024,11738
"DECATUR, TENNESSEE",2025,11820
"DEKALB, TENNESSEE",2016,19444
"DEKALB, TENNESSEE",2017,19876
"DEKALB, TENNESSEE",2018,20133
"DEKALB, TENNESSEE",2019,20490
"DEKALB, TENNESSEE",2020,20186
"DEKALB, TENNESSEE",2021,20503
"DEKALB, TENNESSEE",2022,20987
"DEKALB, TENNESSEE",2023,21301
"DEKALB, TENNESSEE",2024,21684
"DEKALB, TENNESSEE",2025,21873
"DICKSON, TENNESSEE",2016,51900
"DICKSON, TENNESSEE",2017,52774
"DICKSON, TENNESSEE",2018,53446
"DICKSON, TENNESSEE",2019,53948
"DICKSON, TENNESSEE",2020,54452
"DICKSON, TENNESSEE",2021,55189
"DICKSON, TENNESSEE",2022,55777
"DICKSON, TENNESSEE",2023,56882
"DICKSON, TENNESSEE",2024,57804
"DICKSON, TENNESSEE",2025,58662
"DYER, TENNESSEE",2016,37542
"DYER, TENNESSEE",2017,37339
"DYER, TENNESSEE",2018,37286
"DYER, TENNESSEE",2019,37159
"DYER, TENNESSEE",2020,36710
"DYER, TENNESSEE",2021,36621
"DYER, TENNESSEE",2022,36415
"DYER, TENNESSEE",2023,36495
"DYER, TENNESSEE",2024,36484
"DYER, TENNESSEE",2025,36320
"FAYETTE, TENNESSEE",2016,39703
"FAYETTE, TENNESSEE",2017,40150
"FAYETTE, TENNESSEE",2018,40556
"FAYETTE, TENNESSEE",2019,41133
"FAYETTE, TENNESSEE",2020,41868
"FAYETTE, TENNESSEE",2021,42610
"FAYETTE, TENNESSEE",2022,43294
"FAYETTE, TENNESSEE",2023,44130
"FAYETTE, TENNESSEE",2024,44542
"FAYETTE, TENNESSEE",2025,45071
"FENTRESS, TENNESSEE",2016,18040
"FENTRESS, TENNESSEE",2017,18214
"FENTRESS, TENNESSEE",2018,18322
"FENTRESS, TENNESSEE",2019,18523
"FENTRESS, TENNESSEE",2020,18533
"FENTRESS, TENNESSEE",2021,18839
"FENTRESS, TENNESSEE",2022,19318
"FENTRESS, TENNESSEE",2023,19651
"FENTRESS, TENNESSEE",2024,20021
"FENTRESS, TENNESSEE",2025,20322
"FRANKLIN, TENNESSEE",2016,41518
"FRANKLIN, TENNESSEE",2017,41623
"FRANKLIN, TENNESSEE",2018,41935
"FRANKLIN, TENNESSEE",2019,42208
"FRANKLIN, TENNESSEE",2020,42842
"FRANKLIN, TENNESSEE",2021,43197
"FRANKLIN, TENNESSEE",2022,44166
"FRANKLIN, TENNESSEE",2023,44724
"FRANKLIN, TENNESSEE",2024,45191
"FRANKLIN, TENNESSEE",2025,45579
"GIBSON, TENNESSEE",2016,49250
"GIBSON, TENNESSEE",2017,49255
"GIBSON, TENNESSEE",2018,49171
"GIBSON, TENNESSEE",2019,49133
"GIBSON, TENNESSEE",2020,50443
"GIBSON, TENNESSEE",2021,50499
"GIBSON, TENNESSEE",2022,50891
"GIBSON, TENNESSEE",2023,51245
"GIBSON, TENNESSEE",2024,51645
"GIBSON, TENNESSEE",2025,51779
"GILES, TENNESSEE",2016,29165
"GILES, TENNESSEE",2017,29379
"GILES, TENNESSEE",2018,29446
"GILES, TENNESSEE",2019,29464
"GILES, TENNESSEE",2020,30346
"GILES, TENNESSEE",2021,30428
"GILES, TENNESSEE",2022,30572
"GILES, TENNESSEE",2023,30879
"GILES, TENNESSEE",2024,31016
"GILES, TENNESSEE",2025,31433
"GRAINGER, TENNESSEE",2016,23095
"GRAINGER, TENNESSEE",2017,23106
"GRAINGER, TENNESSEE",2018,23137
"GRAINGER, TENNESSEE",2019,23320
"GRAINGER, TENNESSEE",2020,23572
"GRAINGER, TENNESSEE",2021,23794
"GRAINGER, TENNESSEE",2022,24208
"GRAINGER, TENNESSEE",2023,24713
"GRAINGER, TENNESSEE",2024,25098
"GRAINGER, TENNESSEE",2025,25739
"GREENE, TENNESSEE",2016,68529
"GREENE, TENNESSEE",2017,68821
"GREENE, TENNESSEE",2018,69164
"GREENE, TENNESSEE",2019,69069
"GREENE, TENNESSEE",2020,70339
"GREENE, TENNESSEE",2021,70582
"GREENE, TENNESSEE",2022,71286
"GREENE, TENNESSEE",2023,72518
"GREENE, TENNESSEE",2024,73345
"GREENE, TENNESSEE",2025,73831
"GRUNDY, TENNESSEE",2016,13276
"GRUNDY, TENNESSEE",2017,13332
"GRUNDY, TENNESSEE",2018,13348
"GRUNDY, TENNESSEE",2019,13427
"GRUNDY, TENNESSEE",2020,13541
"GRUNDY, TENNESSEE",2021,13577
"GRUNDY, TENNESSEE",2022,13787
"GRUNDY, TENNESSEE",2023,13954
"GRUNDY, TENNESSEE",2024,14118
"GRUNDY, TENNESSEE",2025,14116
"HAMBLEN, TENNESSEE",2016,63681
"HAMBLEN, TENNESSEE",2017,64062
"HAMBLEN, TENNESSEE",2018,64629
"HAMBLEN, TENNESSEE",2019,64934
"HAMBLEN, TENNESSEE",2020,64553
"HAMBLEN, TENNESSEE",2021,64390
"HAMBLEN, TENNESSEE",2022,65303
"HAMBLEN, TENNESSEE",2023,66582
"HAMBLEN, TENNESSEE",2024,68177
"HAMBLEN, TENNESSEE",2025,68843
"HAMILTON, TENNESSEE",2016,357778
"HAMILTON, TENNESSEE",2017,361032
"HAMILTON, TENNESSEE",2018,364293
"HAMILTON, TENNESSEE",2019,367804
"HAMILTON, TENNESSEE",2020,367886
"HAMILTON, TENNESSEE",2021,369725
"HAMILTON, TENNESSEE",2022,375738
"HAMILTON, TENNESSEE",2023,381087
"HAMILTON, TENNESSEE",2024,387268
"HAMILTON, TENNESSEE",2025,390833
"HANCOCK, TENNESSEE",2016,6583
"HANCOCK, TENNESSEE",2017,6593
"HANCOCK, TENNESSEE",2018,6561
"HANCOCK, TENNESSEE",2019,6620
"HANCOCK, TENNESSEE",2020,6628
"HANCOCK, TENNESSEE",2021,6791
"HANCOCK, TENNESSEE",2022,6839
"HANCOCK, TENNESSEE",2023,6974
"HANCOCK, TENNESSEE",2024,7046
"HANCOCK, TENNESSEE",2025,7075
"HARDEMAN, TENNESSEE",2016,25584
"HARDEMAN, TENNESSEE",2017,25488
"HARDEMAN, TENNESSEE",2018,25276
"HARDEMAN, TENNESSEE",2019,25050
"HARDEMAN, TENNESSEE",2020,25435
"HARDEMAN, TENNESSEE",2021,25259
"HARDEMAN, TENNESSEE",2022,25483
"HARDEMAN, TENNESSEE",2023,25555
"HARDEMAN, TENNESSEE",2024,25527
"HARDEMAN, TENNESSEE",2025,25274
"HARDIN, TENNESSEE",2016,25740
"HARDIN, TENNESSEE",2017,25738
"HARDIN, TENNESSEE",2018,25693
"HARDIN, TENNESSEE",2019,25652
"HARDIN, TENNESSEE",2020,26948
"HARDIN, TENNESSEE",2021,26977
"HARDIN, TENNESSEE",2022,27215
"HARDIN, TENNESSEE",2023,27433
"HARDIN, TENNESSEE",2024,27672
"HARDIN, TENNESSEE",2025,27983
"HAWKINS, TENNESSEE",2016,56565
"HAWKINS, TENNESSEE",2017,56620
"HAWKINS, TENNESSEE",2018,56713
"HAWKINS, TENNESSEE",2019,56786
"HAWKINS, TENNESSEE",2020,56715
"HAWKINS, TENNESSEE",2021,57200
"HAWKINS, TENNESSEE",2022,57919
"HAWKINS, TENNESSEE",2023,58587
"HAWKINS, TENNESSEE",2024,59422
"HAWKINS, TENNESSEE",2025,59559
"HAYWOOD, TENNESSEE",2016,17822
"HAYWOOD, TENNESSEE",2017,17607
"HAYWOOD, TENNESSEE",2018,17347
"HAYWOOD, TENNESSEE",2019,17304
"HAYWOOD, TENNESSEE",2020,17827
"HAYWOOD, TENNESSEE",2021,17666
"HAYWOOD, TENNESSEE",2022,17468
"HAYWOOD, TENNESSEE",2023,17377
"HAYWOOD, TENNESSEE",2024,17211
"HAYWOOD, TENNESSEE",2025,17042
"HENDERSON, TENNESSEE",2016,27855
"HENDERSON, TENNESSEE",2017,27851
"HENDERSON, TENNESSEE",2018,27983
"HENDERSON, TENNESSEE",2019,28117
"HENDERSON, TENNESSEE",2020,27833
"HENDERSON, TENNESSEE",2021,27918
"HENDERSON, TENNESSEE",2022,27912
"HENDERSON, TENNESSEE",2023,28083
"HENDERSON, TENNESSEE",2024,28229
"HENDERSON, TENNESSEE",2025,28518
"HENRY, TENNESSEE",2016,32232
"HENRY, TENNESSEE",2017,32380
"HENRY, TENNESSEE",2018,32336
"HENRY, TENNESSEE",2019,32345
"HENRY, TENNESSEE",2020,32149
"HENRY, TENNESSEE",2021,32252
"HENRY, TENNESSEE",2022,32328
"HENRY, TENNESSEE",2023,32504
"HENRY, TENNESSEE",2024,32920
"HENRY, TENNESSEE",2025,32896
"HICKMAN, TENNESSEE",2016,24666
"HICKMAN, TENNESSEE",2017,24839
"HICKMAN, TENNESSEE",2018,25007
"HICKMAN, TENNESSEE",2019,25178
"HICKMAN, TENNESSEE",2020,24972
"HICKMAN, TENNESSEE",2021,25080
"HICKMAN, TENNESSEE",2022,25466
"HICKMAN, TENNESSEE",2023,25794
"HICKMAN, TENNESSEE",2024,25913
"HICKMAN, TENNESSEE",2025,26219
"HOUSTON, TENNESSEE",2016,8101
"HOUSTON, TENNESSEE",2017,8158
"HOUSTON, TENNESSEE",2018,8234
"HOUSTON, TENNESSEE",2019,8201
"HOUSTON, TENNESSEE",2020,8295
"HOUSTON, TENNESSEE",2021,8298
"HOUSTON, TENNESSEE",2022,8232
"HOUSTON, TENNESSEE",2023,8391
"HOUSTON, TENNESSEE",2024,8525
"HOUSTON, TENNESSEE",2025,8479
"HUMPHREYS, TENNESSEE",2016,18383
"HUMPHREYS, TENNESSEE",2017,18503
"HUMPHREYS, TENNESSEE",2018,18551
"HUMPHREYS, TENNESSEE",2019,18582
"HUMPHREYS, TENNESSEE",2020,18998
"HUMPHREYS, TENNESSEE",2021,19179
"HUMPHREYS, TENNESSEE",2022,19039
"HUMPHREYS, TENNESSEE",2023,19286
"HUMPHREYS, TENNESSEE",2024,19542
"HUMPHREYS, TENNESSEE",2025,19646
"JACKSON, TENNESSEE",2016,11611
"JACKSON, TENNESSEE",2017,11702
"JACKSON, TENNESSEE",2018,11777
"JACKSON, TENNESSEE",2019,11786
"JACKSON, TENNESSEE",2020,11637
"JACKSON, TENNESSEE",2021,11771
"JACKSON, TENNESSEE",2022,12019
"JACKSON, TENNESSEE",2023,12355
"JACKSON, TENNESSEE",2024,12447
"JACKSON, TENNESSEE",2025,12466
"JEFFERSON, TENNESSEE",2016,53148
"JEFFERSON, TENNESSEE",2017,53730
"JEFFERSON, TENNESSEE",2018,54012
"JEFFERSON, TENNESSEE",2019,54495
"JEFFERSON, TENNESSEE",2020,54897
"JEFFERSON, TENNESSEE",2021,55535
"JEFFERSON, TENNESSEE",2022,56695
"JEFFERSON, TENNESSEE",2023,57849
"JEFFERSON, TENNESSEE",2024,59217
"JEFFERSON, TENNESSEE",2025,60024
"JOHNSON, TENNESSEE",2016,17759
"JOHNSON, TENNESSEE",2017,17603
"JOHNSON, TENNESSEE",2018,17774
"JOHNSON, TENNESSEE",2019,17788
"JOHNSON, TENNESSEE",2020,17985
"JOHNSON, TENNESSEE",2021,18042
"JOHNSON, TENNESSEE",2022,18005
"JOHNSON, TENNESSEE",2023,18325
"JOHNSON, TENNESSEE",2024,18522
"JOHNSON, TENNESSEE",2025,18718
"KNOX, TENNESSEE",2016,456089
"KNOX, TENNESSEE",2017,461565
"KNOX, TENNESSEE",2018,466258
"KNOX, TENNESSEE",2019,470313
"KNOX, TENNESSEE",2020,480472
"KNOX, TENNESSEE",2021,486009
"KNOX, TENNESSEE",2022,495827
"KNOX, TENNESSEE",2023,501589
"KNOX, TENNESSEE",2024,507597
"KNOX, TENNESSEE",2025,511453
"LAKE, TENNESSEE",2016,7531
"LAKE, TENNESSEE",2017,7451
"LAKE, TENNESSEE",2018,7407
"LAKE, TENNESSEE",2019,7016
"LAKE, TENNESSEE",2020,6988
"LAKE, TENNESSEE",2021,6569
"LAKE, TENNESSEE",2022,6479
"LAKE, TENNESSEE",2023,6385
"LAKE, TENNESSEE",2024,6339
"LAKE, TENNESSEE",2025,6249
"LAUDERDALE, TENNESSEE",2016,25320
"LAUDERDALE, TENNESSEE",2017,26093
"LAUDERDALE, TENNESSEE",2018,25997
"LAUDERDALE, TENNESSEE",2019,25633
"LAUDERDALE, TENNESSEE",2020,25115
"LAUDERDALE, TENNESSEE",2021,24860
"LAUDERDALE, TENNESSEE",2022,24690
"LAUDERDALE, TENNESSEE",2023,24504
"LAUDERDALE, TENNESSEE",2024,24540
"LAUDERDALE, TENNESSEE",2025,24617
"LAWRENCE, TENNESSEE",2016,43056
"LAWRENCE, TENNESSEE",2017,43388
"LAWRENCE, TENNESSEE",2018,43771
"LAWRENCE, TENNESSEE",2019,44142
"LAWRENCE, TENNESSEE",2020,44185
"LAWRENCE, TENNESSEE",2021,44783
"LAWRENCE, TENNESSEE",2022,45480
"LAWRENCE, TENNESSEE",2023,46091
"LAWRENCE, TENNESSEE",2024,46644
"LAWRENCE, TENNESSEE",2025,46914
"LEWIS, TENNESSEE",2016,11891
"LEWIS, TENNESSEE",2017,12025
"LEWIS, TENNESSEE",2018,12074
"LEWIS, TENNESSEE",2019,12268
"LEWIS, TENNESSEE",2020,12609
"LEWIS, TENNESSEE",2021,12854
"LEWIS, TENNESSEE",2022,12935
"LEWIS, TENNESSEE",2023,13126
"LEWIS, TENNESSEE",2024,13354
"LEWIS, TENNESSEE",2025,13487
"LINCOLN, TENNESSEE",2016,33564
"LINCOLN, TENNESSEE",2017,33892
"LINCOLN, TENNESSEE",2018,34189
"LINCOLN, TENNESSEE",2019,34366
"LINCOLN, TENNESSEE",2020,35332
"LINCOLN, TENNESSEE",2021,35441
"LINCOLN, TENNESSEE",2022,35984
"LINCOLN, TENNESSEE",2023,36157
"LINCOLN, TENNESSEE",2024,36715
"LINCOLN, TENNESSEE",2025,36853
"LOUDON, TENNESSEE",2016,51373
"LOUDON, TENNESSEE",2017,52260
"LOUDON, TENNESSEE",2018,53082
"LOUDON, TENNESSEE",2019,54068
"LOUDON, TENNESSEE",2020,55144
"LOUDON, TENNESSEE",2021,56833
"LOUDON, TENNESSEE",2022,58286
"LOUDON, TENNESSEE",2023,60699
"LOUDON, TENNESSEE",2024,62642
"LOUDON, TENNESSEE",2025,63764
"MACON, TENNESSEE",2016,23340
"MACON, TENNESSEE",2017,23905
"MACON, TENNESSEE",2018,24289
"MACON, TENNESSEE",2019,24602
"MACON, TENNESSEE",2020,25260
"MACON, TENNESSEE",2021,25670
"MACON, TENNESSEE",2022,26222
"MACON, TENNESSEE",2023,26868
"MACON, TENNESSEE",2024,27292
"MACON, TENNESSEE",2025,27663
"MADISON, TENNESSEE",2016,97478
"MADISON, TENNESSEE",2017,97491
"MADISON, TENNESSEE",2018,97603
"MADISON, TENNESSEE",2019,97984
"MADISON, TENNESSEE",2020,98832
"MADISON, TENNESSEE",2021,98591
"MADISON, TENNESSEE",2022,99283
"MADISON, TENNESSEE",2023,99518
"MADISON, TENNESSEE",2024,100267
"MADISON, TENNESSEE",2025,100790
"MARION, TENNESSEE",2016,28383
"MARION, TENNESSEE",2017,28406
"MARION, TENNESSEE",2018,28598
"MARION, TENNESSEE",2019,28907
"MARION, TENNESSEE",2020,28874
"MARION, TENNESSEE",2021,28923
"MARION, TENNESSEE",2022,29061
"MARION, TENNESSEE",2023,29393
"MARION, TENNESSEE",2024,29761
"MARION, TENNESSEE",2025,29804
"MARSHALL, TENNESSEE",2016,32035
"MARSHALL, TENNESSEE",2017,33020
"MARSHALL, TENNESSEE",2018,33806
"MARSHALL, TENNESSEE",2019,34375
"MARSHALL, TENNESSEE",2020,34467
"MARSHALL, TENNESSEE",2021,35050
"MARSHALL, TENNESSEE",2022,35857
"MARSHALL, TENNESSEE",2023,37048
"MARSHALL, TENNESSEE",2024,37882
"MARSHALL, TENNESSEE",2025,38071
"MAURY, TENNESSEE",2016,89556
"MAURY, TENNESSEE",2017,92237
"MAURY, TENNESSEE",2018,94273
"MAURY, TENNESSEE",2019,96387
"MAURY, TENNESSEE",2020,101812
"MAURY, TENNESSEE",2021,105005
"MAURY, TENNESSEE",2022,108048
"MAURY, TENNESSEE",2023,111022
"MAURY, TENNESSEE",2024,114456
"MAURY, TENNESSEE",2025,118131
"MCMINN, TENNESSEE",2016,52700
"MCMINN, TENNESSEE",2017,52931
"MCMINN, TENNESSEE",2018,53336
"MCMINN, TENNESSEE",2019,53794
"MCMINN, TENNESSEE",2020,53347
"MCMINN, TENNESSEE",2021,53940
"MCMINN, TENNESSEE",2022,54732
"MCMINN, TENNESSEE",2023,55814
"MCMINN, TENNESSEE",2024,56732
"MCMINN, TENNESSEE",2025,57404
"MCNAIRY, TENNESSEE",2016,25832
"MCNAIRY, TENNESSEE",2017,26001
"MCNAIRY, TENNESSEE",2018,25830
"MCNAIRY, TENNESSEE",2019,25694
"MCNAIRY, TENNESSEE",2020,25868
"MCNAIRY, TENNESSEE",2021,25858
"MCNAIRY, TENNESSEE",2022,25968
"MCNAIRY, TENNESSEE",2023,26066
"MCNAIRY, TENNESSEE",2024,26137
"MCNAIRY, TENNESSEE",2025,26236
"MEIGS, TENNESSEE",2016,11953
"MEIGS, TENNESSEE",2017,12042
"MEIGS, TENNESSEE",2018,12297
"MEIGS, TENNESSEE",2019,12422
"MEIGS, TENNESSEE",2020,12808
"MEIGS, TENNESSEE",2021,13030
"MEIGS, TENNESSEE",2022,13268
"MEIGS, TENNESSEE",2023,13695
"MEIGS, TENNESSEE",2024,13990
"MEIGS, TENNESSEE",2025,14186
"MONROE, TENNESSEE",2016,45848
"MONROE, TENNESSEE",2017,46035
"MONROE, TENNESSEE",2018,46269
"MONROE, TENNESSEE",2019,46545
"MONROE, TENNESSEE",2020,46399
"MONROE, TENNESSEE",2021,46665
"MONROE, TENNESSEE",2022,47719
"MONROE, TENNESSEE",2023,48601
"MONROE, TENNESSEE",2024,49338
"MONROE, TENNESSEE",2025,49730
"MONTGOMERY, TENNESSEE",2016,194424
"MONTGOMERY, TENNESSEE",2017,199771
"MONTGOMERY, TENNESSEE",2018,205312
"MONTGOMERY, TENNESSEE",2019,208993
"MONTGOMERY, TENNESSEE",2020,221286
"MONTGOMERY, TENNESSEE",2021,227781
"MONTGOMERY, TENNESSEE",2022,235141
"MONTGOMERY, TENNESSEE",2023,240192
"MONTGOMERY, TENNESSEE",2024,246281
"MONTGOMERY, TENNESSEE",2025,249935
"MOORE, TENNESSEE",2016,6293
"MOORE, TENNESSEE",2017,6391
"MOORE, TENNESSEE",2018,6457
"MOORE, TENNESSEE",2019,6488
"MOORE, TENNESSEE",2020,6472
"MOORE, TENNESSEE",2021,6654
"MOORE, TENNESSEE",2022,6726
"MOORE, TENNESSEE",2023,6802
"MOORE, TENNESSEE",2024,6822
"MOORE, TENNESSEE",2025,6920
"MORGAN, TENNESSEE",2016,21741
"MORGAN, TENNESSEE",2017,21555
"MORGAN, TENNESSEE",2018,21534
"MORGAN, TENNESSEE",2019,21403
"MORGAN, TENNESSEE",2020,21051
"MORGAN, TENNESSEE",2021,21137
"MORGAN, TENNESSEE",2022,21184
"MORGAN, TENNESSEE",2023,21542
"MORGAN, TENNESSEE",2024,22075
"MORGAN, TENNESSEE",2025,22160
"OBION, TENNESSEE",2016,30547
"OBION, TENNESSEE",2017,30375
"OBION, TENNESSEE",2018,30274
"OBION, TENNESSEE",2019,30069
"OBION, TENNESSEE",2020,30779
"OBION, TENNESSEE",2021,30467
"OBION, TENNESSEE",2022,30360
"OBION, TENNESSEE",2023,30402
"OBION, TENNESSEE",2024,30256
"OBION, TENNESSEE",2025,30067
"OVERTON, TENNESSEE",2016,21964
"OVERTON, TENNESSEE",2017,21998
"OVERTON, TENNESSEE",2018,22068
"OVERTON, TENNESSEE",2019,22241
"OVERTON, TENNESSEE",2020,22590
"OVERTON, TENNESSEE",2021,22828
"OVERTON, TENNESSEE",2022,22974
"OVERTON, TENNESSEE",2023,23352
"OVERTON, TENNESSEE",2024,23582
"OVERTON, TENNESSEE",2025,23787
"PERRY, TENNESSEE",2016,7880
"PERRY, TENNESSEE",2017,7954
"PERRY, TENNESSEE",2018,8050
"PERRY, TENNESSEE",2019,8076
"PERRY, TENNESSEE",2020,8383
"PERRY, TENNESSEE",2021,8496
"PERRY, TENNESSEE",2022,8692
"PERRY, TENNESSEE",2023,8927
"PERRY, TENNESSEE",2024,8986
"PERRY, TENNESSEE",2025,9126
"PICKETT, TENNESSEE",2016,5091
"PICKETT, TENNESSEE",2017,5062
"PICKETT, TENNESSEE",2018,5053
"PICKETT, TENNESSEE",2019,5048
"PICKETT, TENNESSEE",2020,5002
"PICKETT, TENNESSEE",2021,5073
"PICKETT, TENNESSEE",2022,5106
"PICKETT, TENNESSEE",2023,5129
"PICKETT, TENNESSEE",2024,5146
"PICKETT, TENNESSEE",2025,5219
"POLK, TENNESSEE",2016,16794
"POLK, TENNESSEE",2017,16759
"POLK, TENNESSEE",2018,16918
"POLK, TENNESSEE",2019,16832
"POLK, TENNESSEE",2020,17558
"POLK, TENNESSEE",2021,17704
"POLK, TENNESSEE",2022,17776
"POLK, TENNESSEE",2023,18064
"POLK, TENNESSEE",2024,18408
"POLK, TENNESSEE",2025,18592
"PUTNAM, TENNESSEE",2016,75985
"PUTNAM, TENNESSEE",2017,77299
"PUTNAM, TENNESSEE",2018,78631
"PUTNAM, TENNESSEE",2019,80245
"PUTNAM, TENNESSEE",2020,80101
"PUTNAM, TENNESSEE",2021,81281
"PUTNAM, TENNESSEE",2022,82590
"PUTNAM, TENNESSEE",2023,83902
"PUTNAM, TENNESSEE",2024,85011
"PUTNAM, TENNESSEE",2025,86612
"RHEA, TENNESSEE",2016,32474
"RHEA, TENNESSEE",2017,32671
"RHEA, TENNESSEE",2018,32911
"RHEA, TENNESSEE",2019,33167
"RHEA, TENNESSEE",2020,33302
"RHEA, TENNESSEE",2021,33508
"RHEA, TENNESSEE",2022,33999
"RHEA, TENNESSEE",2023,34264
"RHEA, TENNESSEE",2024,34716
"RHEA, TENNESSEE",2025,34844
"ROANE, TENNESSEE",2016,52944
"ROANE, TENNESSEE",2017,53020
"ROANE, TENNESSEE",2018,53258
"ROANE, TENNESSEE",2019,53382
"ROANE, TENNESSEE",2020,53666
"ROANE, TENNESSEE",2021,54165
"ROANE, TENNESSEE",2022,55279
"ROANE, TENNESSEE",2023,56218
"ROANE, TENNESSEE",2024,56769
"ROANE, TENNESSEE",2025,57395
"ROBERTSON, TENNESSEE",2016,69393
"ROBERTSON, TENNESSEE",2017,70328
"ROBERTSON, TENNESSEE",2018,71179
"ROBERTSON, TENNESSEE",2019,71813
"ROBERTSON, TENNESSEE",2020,72958
"ROBERTSON, TENNESSEE",2021,74047
"ROBERTSON, TENNESSEE",2022,75402
"ROBERTSON, TENNESSEE",2023,76948
"ROBERTSON, TENNESSEE",2024,78830
"ROBERTSON, TENNESSEE",2025,80175
"RUTHERFORD, TENNESSEE",2016,307415
"RUTHERFORD, TENNESSEE",2017,316531
"RUTHERFORD, TENNESSEE",2018,324647
"RUTHERFORD, TENNESSEE",2019,332285
"RUTHERFORD, TENNESSEE",2020,343285
"RUTHERFORD, TENNESSEE",2021,351202
"RUTHERFORD, TENNESSEE",2022,362373
"RUTHERFORD, TENNESSEE",2023,370483
"RUTHERFORD, TENNESSEE",2024,380086
"RUTHERFORD, TENNESSEE",2025,386352
"SCOTT, TENNESSEE",2016,21890
"SCOTT, TENNESSEE",2017,21964
"SCOTT, TENNESSEE",2018,22028
"SCOTT, TENNESSEE",2019,22068
"SCOTT, TENNESSEE",2020,21880
"SCOTT, TENNESSEE",2021,21904
"SCOTT, TENNESSEE",2022,22038
"SCOTT, TENNESSEE",2023,22253
"SCOTT, TENNESSEE",2024,22553
"SCOTT, TENNESSEE",2025,22671
"SEQUATCHIE, TENNESSEE",2016,14754
"SEQUATCHIE, TENNESSEE",2017,14767
"SEQUATCHIE, TENNESSEE",2018,14891
"SEQUATCHIE, TENNESSEE",2019,15026
"SEQUATCHIE, TENNESSEE",2020,15848
"SEQUATCHIE, TENNESSEE",2021,16447
"SEQUATCHIE, TENNESSEE",2022,16917
"SEQUATCHIE, TENNESSEE",2023,17168
"SEQUATCHIE, TENNESSEE",2024,17609
"SEQUATCHIE, TENNESSEE",2025,17861
"SEVIER, TENNESSEE",2016,96470
"SEVIER, TENNESSEE",2017,97307
"SEVIER, TENNESSEE",2018,97895
"SEVIER, TENNESSEE",2019,98250
"SEVIER, TENNESSEE",2020,98848
"SEVIER, TENNESSEE",2021,99625
"SEVIER, TENNESSEE",2022,99362
"SEVIER, TENNESSEE",2023,100410
"SEVIER, TENNESSEE",2024,101224
"SEVIER, TENNESSEE",2025,101342
"SHELBY, TENNESSEE",2016,936021
"SHELBY, TENNESSEE",2017,935251
"SHELBY, TENNESSEE",2018,936365
"SHELBY, TENNESSEE",2019,937166
"SHELBY, TENNESSEE",2020,929720
"SHELBY, TENNESSEE",2021,923315
"SHELBY, TENNESSEE",2022,919092
"SHELBY, TENNESSEE",2023,915501
"SHELBY, TENNESSEE",2024,915438
"SHELBY, TENNESSEE",2025,910226
"SMITH, TENNESSEE",2016,19526
"SMITH, TENNESSEE",2017,19732
"SMITH, TENNESSEE",2018,19979
"SMITH, TENNESSEE",2019,20157
"SMITH, TENNESSEE",2020,19963
"SMITH, TENNESSEE",2021,20175
"SMITH, TENNESSEE",2022,20471
"SMITH, TENNESSEE",2023,20538
"SMITH, TENNESSEE",2024,20785
"SMITH, TENNESSEE",2025,20981
"STEWART, TENNESSEE",2016,13190
"STEWART, TENNESSEE",2017,13422
"STEWART, TENNESSEE",2018,13619
"STEWART, TENNESSEE",2019,13715
"STEWART, TENNESSEE",2020,13708
"STEWART, TENNESSEE",2021,13820
"STEWART, TENNESSEE",2022,14011
"STEWART, TENNESSEE",2023,14269
"STEWART, TENNESSEE",2024,14373
"STEWART, TENNESSEE",2025,14439
"SULLIVAN, TENNESSEE",2016,156182
"SULLIVAN, TENNESSEE",2017,156924
"SULLIVAN, TENNESSEE",2018,157599
"SULLIVAN, TENNESSEE",2019,158348
"SULLIVAN, TENNESSEE",2020,158238
"SULLIVAN, TENNESSEE",2021,159250
"SULLIVAN, TENNESSEE",2022,160899
"SULLIVAN, TENNESSEE",2023,161953
"SULLIVAN, TENNESSEE",2024,162709
"SULLIVAN, TENNESSEE",2025,163759
"SUMNER, TENNESSEE",2016,179332
"SUMNER, TENNESSEE",2017,183756
"SUMNER, TENNESSEE",2018,187490
"SUMNER, TENNESSEE",2019,191283
"SUMNER, TENNESSEE",2020,197416
"SUMNER, TENNESSEE",2021,200578
"SUMNER, TENNESSEE",2022,204002
"SUMNER, TENNESSEE",2023,208501
"SUMNER, TENNESSEE",2024,212181
"SUMNER, TENNESSEE",2025,215538
"TIPTON, TENNESSEE",2016,61223
"TIPTON, TENNESSEE",2017,61305
"TIPTON, TENNESSEE",2018,61576
"TIPTON, TENNESSEE",2019,61599
"TIPTON, TENNESSEE",2020,61050
"TIPTON, TENNESSEE",2021,61083
"TIPTON, TENNESSEE",2022,61606
"TIPTON, TENNESSEE",2023,61957
"TIPTON, TENNESSEE",2024,62306
"TIPTON, TENNESSEE",2025,62287
"TROUSDALE, TENNESSEE",2016,9955
"TROUSDALE, TENNESSEE",2017,10831
"TROUSDALE, TENNESSEE",2018,11033
"TROUSDALE, TENNESSEE",2019,11284
"TROUSDALE, TENNESSEE",2020,11646
"TROUSDALE, TENNESSEE",2021,11621
"TROUSDALE, TENNESSEE",2022,12089
"TROUSDALE, TENNESSEE",2023,12327
"TROUSDALE, TENNESSEE",2024,12189
"TROUSDALE, TENNESSEE",2025,12623
"UNICOI, TENNESSEE",2016,17737
"UNICOI, TENNESSEE",2017,17796
"UNICOI, TENNESSEE",2018,17822
"UNICOI, TENNESSEE",2019,17883
"UNICOI, TENNESSEE",2020,17873
"UNICOI, TENNESSEE",2021,17617
"UNICOI, TENNESSEE",2022,17607
"UNICOI, TENNESSEE",2023,17823
"UNICOI, TENNESSEE",2024,17925
"UNICOI, TENNESSEE",2025,17856
"UNION, TENNESSEE",2016,19219
"UNION, TENNESSEE",2017,19399
"UNION, TENNESSEE",2018,19689
"UNION, TENNESSEE",2019,19972
"UNION, TENNESSEE",2020,19847
"UNION, TENNESSEE",2021,20020
"UNION, TENNESSEE",2022,20483
"UNION, TENNESSEE",2023,20760
"UNION, TENNESSEE",2024,21136
"UNION, TENNESSEE",2025,21450
"VAN BUREN, TENNESSEE",2016,5721
"VAN BUREN, TENNESSEE",2017,5747
"VAN BUREN, TENNESSEE",2018,5763
"VAN BUREN, TENNESSEE",2019,5872
"VAN BUREN, TENNESSEE",2020,6174
"VAN BUREN, TENNESSEE",2021,6297
"VAN BUREN, TENNESSEE",2022,6457
"VAN BUREN, TENNESSEE",2023,6576
"VAN BUREN, TENNESSEE",2024,6683
"VAN BUREN, TENNESSEE",2025,6874
"WARREN, TENNESSEE",2016,40428
"WARREN, TENNESSEE",2017,40717
"WARREN, TENNESSEE",2018,40826
"WARREN, TENNESSEE",2019,41277
"WARREN, TENNESSEE",2020,41057
"WARREN, TENNESSEE",2021,41478
"WARREN, TENNESSEE",2022,41978
"WARREN, TENNESSEE",2023,42615
"WARREN, TENNESSEE",2024,43544
"WARREN, TENNESSEE",2025,43717
"WASHINGTON, TENNESSEE",2016,127247
"WASHINGTON, TENNESSEE",2017,127603
"WASHINGTON, TENNESSEE",2018,128661
"WASHINGTON, TENNESSEE",2019,129375
"WASHINGTON, TENNESSEE",2020,133211
"WASHINGTON, TENNESSEE",2021,133461
"WASHINGTON, TENNESSEE",2022,136273
"WASHINGTON, TENNESSEE",2023,138454
"WASHINGTON, TENNESSEE",2024,139574
"WASHINGTON, TENNESSEE",2025,141199
"WAYNE, TENNESSEE",2016,16747
"WAYNE, TENNESSEE",2017,16641
"WAYNE, TENNESSEE",2018,16635
"WAYNE, TENNESSEE",2019,16673
"WAYNE, TENNESSEE",2020,16220
"WAYNE, TENNESSEE",2021,16331
"WAYNE, TENNESSEE",2022,16254
"WAYNE, TENNESSEE",2023,16050
"WAYNE, TENNESSEE",2024,16034
"WAYNE, TENNESSEE",2025,16416
"WEAKLEY, TENNESSEE",2016,33610
"WEAKLEY, TENNESSEE",2017,33325
"WEAKLEY, TENNESSEE",2018,33413
"WEAKLEY, TENNESSEE",2019,33328
"WEAKLEY, TENNESSEE",2020,32908
"WEAKLEY, TENNESSEE",2021,32905
"WEAKLEY, TENNESSEE",2022,33052
"WEAKLEY, TENNESSEE",2023,33167
"WEAKLEY, TENNESSEE",2024,33216
"WEAKLEY, TENNESSEE",2025,33261
"WHITE, TENNESSEE",2016,26463
"WHITE, TENNESSEE",2017,26764
"WHITE, TENNESSEE",2018,27086
"WHITE, TENNESSEE",2019,27345
"WHITE, TENNESSEE",2020,27441
"WHITE, TENNESSEE",2021,27559
"WHITE, TENNESSEE",2022,28016
"WHITE, TENNESSEE",2023,28715
"WHITE, TENNESSEE",2024,29227
"WHITE, TENNESSEE",2025,29612
"WILLIAMSON, TENNESSEE",2016,218903
"WILLIAMSON, TENNESSEE",2017,226048
"WILLIAMSON, TENNESSEE",2018,231978
"WILLIAMSON, TENNESSEE",2019,238412
"WILLIAMSON, TENNESSEE",2020,249614
"WILLIAMSON, TENNESSEE",2021,256192
"WILLIAMSON, TENNESSEE",2022,261335
"WILLIAMSON, TENNESSEE",2023,264898
"WILLIAMSON, TENNESSEE",2024,268486
"WILLIAMSON, TENNESSEE",2025,272061
"WILSON, TENNESSEE",2016,132494
"WILSON, TENNESSEE",2017,136691
"WILSON, TENNESSEE",2018,140954
"WILSON, TENNESSEE",2019,144657
"WILSON, TENNESSEE",2020,148654
"WILSON, TENNESSEE",2021,152095
"WILSON, TENNESSEE",2022,158979
"WILSON, TENNESSEE",2023,164275
"WILSON, TENNESSEE",2024,170340
"WILSON, TENNESSEE",2025,175033
