county_name,2016,2017,2018,2019,2020,2021,2022,2023,2024,2025
"Anderson County, Tennessee",75528,76056,76287,76978,77347,77678,79042,80369,81574,82066
"Bedford County, Tennessee",47442,48211,49146,49713,50381,51168,52045,53249,54458,55273
"Benton County, Tennessee",16082,15993,16246,16160,15847,15825,15982,16160,16105,16183
"Bledsoe County, Tennessee",14738,14895,14883,15064,14945,14837,14755,14996,15573,15920
"Blount County, Tennessee",128264,129999,131331,133088,135666,137641,139838,141407,142272,143820
"Bradley County, Tennessee",104390,105421,107050,108110,108832,109783,110790,112196,114114,115465
"Campbell County, Tennessee",39784,39791,39795,39842,39310,39483,39576,40228,40325,40290
"Cannon County, Tennessee",13876,14157,14440,14678,14564,14550,14781,15038,15157,15296
"Carroll County, Tennessee",27901,27807,27975,27767,28427,28298,28428,29007,29203,29200
"Carter County, Tennessee",56473,56510,56417,56391,56391,56128,56528,57047,57368,57361
"Cheatham County, Tennessee",39775,40366,40502,40667,41088,41455,41723,42223,42616,42778
"Chester County, Tennessee",17130,17154,17245,17297,17379,17481,17577,17712,17841,17994
"Claiborne County, Tennessee",31634,31661,31850,31959,32075,32047,32371,32667,32940,33229
"Clay County, Tennessee",7654,7663,7677,7615,7588,7586,7621,7666,7810,7821
"Cocke County, Tennessee",35234,35528,35858,36004,36043,36374,36804,37359,37736,37889
"Coffee County, Tennessee",54537,55016,55877,56520,58132,59002,59660,60562,61473,62419
"Crockett County, Tennessee",14448,14436,14296,14230,13907,13983,13873,13967,13963,14006
"Cumberland County, Tennessee",58580,59023,59738,60520,61381,62407,63524,64817,65630,66300
"Davidson County, Tennessee",685829,687159,690516,694144,716153,701450,712156,720989,736623,745904
"Decatur County, Tennessee",11735,11732,11699,11663,11429,11392,11527,11685,11738,11820
"DeKalb County, Tennessee",19444,19876,20133,20490,20186,20503,20987,21301,21684,21873
"Dickson County, Tennessee",51900,52774,53446,53948,54452,55189,55777,56882,57804,58662
"Dyer County, Tennessee",37542,37339,37286,37159,36710,36621,36415,36495,36484,36320
"Fayette County, Tennessee",39703,40150,40556,41133,41868,42610,43294,44130,44542,45071
"Fentress County, Tennessee",18040,18214,18322,18523,18533,18839,19318,19651,20021,20322
"Franklin County, Tennessee",41518,41623,41935,42208,42842,43197,44166,44724,45191,45579
"Gibson County, Tennessee",49250,49255,49171,49133,50443,50499,50891,51245,51645,51779
"Giles County, Tennessee",29165,29379,29446,29464,30346,30428,30572,30879,31016,31433
"Grainger County, Tennessee",23095,23106,23137,23320,23572,23794,24208,24713,25098,25739
"Greene County, Tennessee",68529,68821,69164,69069,70339,70582,71286,72518,73345,73831
"Grundy County, Tennessee",13276,13332,13348,13427,13541,13577,13787,13954,14118,14116
"Hamblen County, Tennessee",63681,64062,64629,64934,64553,64390,65303,66582,68177,68843
"Hamilton County, Tennessee",357778,361032,364293,367804,367886,369725,375738,381087,387268,390833
"Hancock County, Tennessee",6583,6593,6561,6620,6628,6791,6839,6974,7046,7075
"Hardeman County, Tennessee",25584,25488,25276,25050,25435,25259,25483,25555,25527,25274
"Hardin County, Tennessee",25740,25738,25693,25652,26948,26977,27215,27433,27672,27983
"Hawkins County, Tennessee",56565,56620,56713,56786,56715,57200,57919,58587,59422,59559
"Haywood County, Tennessee",17822,17607,17347,17304,17827,17666,17468,17377,17211,17042
"Henderson County, Tennessee",27855,27851,27983,28117,27833,27918,27912,28083,28229,28518
"Henry County, Tennessee",32232,32380,32336,32345,32149,32252,32328,32504,32920,32896
"Hickman County, Tennessee",24666,24839,25007,25178,24972,25080,25466,25794,25913,26219
"Houston County, Tennessee",8101,8158,8234,8201,8295,8298,8232,8391,8525,8479
"Humphreys County, Tennessee",18383,18503,18551,18582,18998,19179,19039,19286,19542,19646
"Jackson County, Tennessee",11611,11702,11777,11786,11637,11771,12019,12355,12447,12466
"Jefferson County, Tennessee",53148,53730,54012,54495,54897,55535,56695,57849,59217,60024
"Johnson County, Tennessee",17759,17603,17774,17788,17985,18042,18005,18325,18522,18718
"Knox County, Tennessee",456089,461565,466258,470313,480472,486009,495827,501589,507597,511453
"Lake County, Tennessee",7531,7451,7407,7016,6988,6569,6479,6385,6339,6249
"Lauderdale County, Tennessee",25320,26093,25997,25633,25115,24860,24690,24504,24540,24617
"Lawrence County, Tennessee",43056,43388,43771,44142,44185,44783,45480,46091,46644,46914
"Lewis County, Tennessee",11891,12025,12074,12268,12609,12854,12935,13126,13354,13487
"Lincoln County, Tennessee",33564,33892,34189,34366,35332,35441,35984,36157,36715,36853
"Loudon County, Tennessee",51373,52260,53082,54068,55144,56833,58286,60699,62642,63764
"McMinn County, Tennessee",52700,52931,53336,53794,53347,53940,54732,55814,56732,57404
"McNairy County, Tennessee",25832,26001,25830,25694,25868,25858,25968,26066,26137,26236
"Macon County, Tennessee",23340,23905,24289,24602,25260,25670,26222,26868,27292,27663
"Madison County, Tennessee",97478,97491,97603,97984,98832,98591,99283,99518,100267,100790
"Marion County, Tennessee",28383,28406,28598,28907,28874,28923,29061,29393,29761,29804
"Marshall County, Tennessee",32035,33020,33806,34375,34467,35050,35857,37048,37882,38071
"Maury County, Tennessee",89556,92237,94273,96387,101812,105005,108048,111022,114456,118131
"Meigs County, Tennessee",11953,12042,12297,12422,12808,13030,13268,13695,13990,14186
"Monroe County, Tennessee",45848,46035,46269,46545,46399,46665,47719,48601,49338,49730
"Montgomery County, Tennessee",194424,199771,205312,208993,221286,227781,235141,240192,246281,249935
"Moore County, Tennessee",6293,6391,6457,6488,6472,6654,6726,6802,6822,6920
"Morgan County, Tennessee",21741,21555,21534,21403,21051,21137,21184,21542,22075,22160
"Obion County, Tennessee",30547,30375,30274,30069,30779,30467,30360,30402,30256,30067
"Overton County, Tennessee",21964,21998,22068,22241,22590,22828,22974,23352,23582,23787
"Perry County, Tennessee",7880,7954,8050,8076,8383,8496,8692,8927,8986,9126
"Pickett County, Tennessee",5091,5062,5053,5048,5002,5073,5106,5129,5146,5219
"Polk County, Tennessee",16794,16759,16918,16832,17558,17704,17776,18064,18408,18592
"Putnam County, Tennessee",75985,77299,78631,80245,80101,81281,82590,83902,85011,86612
"Rhea County, Tennessee",32474,32671,32911,33167,33302,33508,33999,34264,34716,34844
"Roane County, Tennessee",52944,53020,53258,53382,53666,54165,55279,56218,56769,57395
"Robertson County, Tennessee",69393,70328,71179,71813,72958,74047,75402,76948,78830,80175
"Rutherford County, Tennessee",307415,316531,324647,332285,343285,351202,362373,370483,380086,386352
"Scott County, Tennessee",21890,21964,22028,22068,21880,21904,22038,22253,22553,22671
"Sequatchie County, Tennessee",14754,14767,14891,15026,15848,16447,16917,17168,17609,17861
"Sevier County, Tennessee",96470,97307,97895,98250,98848,99625,99362,100410,101224,101342
"Shelby County, Tennessee",936021,935251,936365,937166,929720,923315,919092,915501,915438,910226
"Smith County, Tennessee",19526,19732,19979,20157,19963,20175,20471,20538,20785,20981
"Stewart County, Tennessee",13190,13422,13619,13715,13708,13820,14011,14269,14373,14439
"Sullivan County, Tennessee",156182,156924,157599,158348,158238,159250,160899,161953,162709,163759
"Sumner County, Tennessee",179332,183756,187490,191283,197416,200578,204002,208501,212181,215538
"Tipton County, Tennessee",61223,61305,61576,61599,61050,61083,61606,61957,62306,62287
"Trousdale County, Tennessee",9955,10831,11033,11284,11646,11621,12089,12327,12189,12623
"Unicoi County, Tennessee",17737,17796,17822,17883,17873,17617,17607,17823,17925,17856
"Union County, Tennessee",19219,19399,19689,19972,19847,20020,20483,20760,21136,21450
"Van Buren County, Tennessee",5721,5747,5763,5872,6174,6297,6457,6576,6683,6874
"Warren County, Tennessee",40428,40717,40826,41277,41057,41478,41978,42615,43544,43717
"Washington County, Tennessee",127247,127603,128661,129375,133211,133461,136273,138454,139574,141199
"Wayne County, Tennessee",16747,16641,16635,16673,16220,16331,16254,16050,16034,16416
"Weakley County, Tennessee",33610,33325,33413,33328,32908,32905,33052,33167,33216,33261
"White County, Tennessee",26463,26764,27086,27345,27441,27559,28016,28715,29227,29612
"Williamson County, Tennessee",218903,226048,231978,238412,249614,256192,261335,264898,268486,272061
"Wilson County, Tennessee",132494,136691,140954,144657,148654,152095,158979,164275,170340,175033
