FATALITY_DATE,FATALITY_ID,EVENT_ID,FATALITY_TYPE,FATALITY_AGE,FATALITY_SEX,FATALITY_LOCATION
07/08/2016 00:,30294,635269,D,66.0,F,Outside/Open Areas
07/08/2016 00:,30292,635264,D,60.0,M,Camping
07/08/2016 00:,30293,635264,D,47.0,F,Camping
05/04/2016 00:,30198,627799,D,64.0,M,Vehicle/Towed Trailer
07/14/2016 00:,31229,638992,D,65.0,F,Under Tree
08/05/2016 00:,31263,654247,D,53.0,F,Permanent Home
08/02/2016 00:,31266,654249,D,76.0,M,Vehicle/Towed Trailer
06/24/2016 00:,31487,654248,D,47.0,M,Outside/Open Areas
07/20/2016 00:,31489,657571,D,65.0,M,Permanent Home
08/25/2016 00:,31490,657762,I,21.0,M,Heavy Equipment/Construction
11/30/2016 00:,31607,662323,D,,M,Mobile/Trailer Home
11/30/2016 00:,31608,662323,D,,F,Mobile/Trailer Home
04/30/2017 00:,33183,683065,D,43.0,F,Under Tree
04/30/2017 00:,33274,694328,D,2.0,F,Outside/Open Areas
06/30/2017 00:,33428,700794,I,,F,Permanent Home
01/02/2018 00:,35175,733015,D,45.0,F,Outside/Open Areas
05/28/2018 00:,35476,754296,D,7.0,M,Under Tree
09/26/2018 00:,36136,787252,D,61.0,F,Outside/Open Areas
07/06/2018 00:,36053,784196,D,75.0,M,Outside/Open Areas
07/04/2018 00:,35899,773052,D,46.0,F,Vehicle/Towed Trailer
07/14/2018 00:,35900,773285,D,40.0,M,Under Tree
05/26/2018 00:,35574,761444,D,2.0,,In Water
12/28/2018 00:,37367,798906,D,30.0,F,Camping
05/23/2018 00:,39394,847160,D,1.0,F,Vehicle/Towed Trailer
11/06/2018 00:,40814,794526,D,41.0,F,Permanent Home
02/21/2019 00:,37912,811049,D,62.0,M,Vehicle/Towed Trailer
02/24/2019 00:,38233,810342,D,59.0,M,Vehicle/Towed Trailer
07/20/2019 00:,39386,846821,D,18.0,M,Ball Field
02/06/2019 00:,37885,809854,D,53.0,F,Outside/Open Areas
07/11/2019 00:,39389,846958,D,3.0,M,Vehicle/Towed Trailer
10/21/2019 00:,39879,862107,I,16.0,M,Vehicle/Towed Trailer
10/26/2019 00:,39953,862623,D,63.0,M,Outside/Open Areas
12/29/2019 00:,40696,873433,D,55.0,M,Outside/Open Areas
03/03/2020 00:,41143,883016,D,68.0,M,Permanent Home
03/03/2020 00:,41144,883016,D,34.0,F,Mobile/Trailer Home
03/03/2020 00:,41126,883016,D,31.0,F,Permanent Home
03/03/2020 00:,41127,883016,D,4.0,F,Permanent Home
03/03/2020 00:,41128,883016,D,7.0,M,Mobile/Trailer Home
03/03/2020 00:,41129,883016,D,54.0,M,Mobile/Trailer Home
03/03/2020 00:,41130,883016,D,30.0,F,Permanent Home
03/03/2020 00:,41131,883016,D,4.0,M,Permanent Home
03/03/2020 00:,41132,883016,D,30.0,M,Permanent Home
03/03/2020 00:,41133,883016,D,30.0,F,Permanent Home
03/03/2020 00:,41134,883016,D,2.0,M,Permanent Home
03/03/2020 00:,41135,883016,D,50.0,M,Permanent Home
03/03/2020 00:,41136,883016,D,50.0,F,Permanent Home
03/03/2020 00:,41137,883016,D,67.0,F,Permanent Structure
03/03/2020 00:,41138,883016,D,28.0,F,Permanent Structure
03/03/2020 00:,41139,883016,D,12.0,F,Permanent Home
03/03/2020 00:,41140,883016,D,65.0,M,Mobile/Trailer Home
03/03/2020 00:,41141,883016,D,63.0,F,Mobile/Trailer Home
03/03/2020 00:,41142,883016,D,36.0,F,Permanent Home
03/03/2020 00:,40978,882999,D,36.0,M,Outside/Open Areas
03/03/2020 00:,40979,882999,D,33.0,F,Outside/Open Areas
03/03/2020 00:,40980,883007,D,84.0,M,Permanent Home
03/03/2020 00:,40981,883007,D,81.0,F,Permanent Home
03/03/2020 00:,40982,883007,D,38.0,F,Permanent Structure
04/12/2020 00:,41090,890609,D,29.0,M,Permanent Home
04/12/2020 00:,41088,890149,D,33.0,F,In Water
05/03/2020 00:,41217,897267,D,34.0,M,Outside/Open Areas
03/02/2020 00:,40848,880546,D,67.0,M,Mobile/Trailer Home
04/12/2020 00:,41091,876337,D,46.0,M,Mobile/Trailer Home
04/15/2020 00:,41092,876337,D,4.0,M,Permanent Home
02/07/2020 00:,40782,872848,I,19.0,M,Vehicle/Towed Trailer
05/04/2021 00:,43177,957582,D,49.0,F,Mobile/Trailer Home
03/28/2021 00:,42898,951050,D,61.0,F,In Water
03/27/2021 00:,43165,951891,D,46.0,F,Outside/Open Areas
05/06/2021 00:,43232,957686,D,49.0,M,Other
03/28/2021 00:,42940,951940,D,65.0,M,Vehicle/Towed Trailer
03/27/2021 00:,42946,951956,D,64.0,M,Outside/Open Areas
03/27/2021 00:,42947,951956,D,46.0,F,Outside/Open Areas
03/27/2021 00:,42948,951956,D,,M,Outside/Open Areas
03/27/2021 00:,42949,951956,D,70.0,M,Vehicle/Towed Trailer
03/27/2021 00:,42950,951956,D,65.0,M,Outside/Open Areas
10/06/2021 00:,45205,990176,D,67.0,M,Vehicle/Towed Trailer
02/21/2021 00:,42647,944327,I,7.0,F,In Water
02/14/2021 00:,42654,944215,I,10.0,M,In Water
02/20/2021 00:,42655,944215,D,,M,Outside/Open Areas
02/13/2021 00:,42656,944215,D,66.0,F,Permanent Home
08/21/2021 00:,44442,982536,D,61.0,F,Unknown
08/21/2021 00:,44443,982536,D,53.0,F,Unknown
08/21/2021 00:,44445,982536,D,7.0,F,Unknown
08/21/2021 00:,44446,982536,D,15.0,F,Unknown
08/21/2021 00:,44447,982536,D,16.0,M,Unknown
08/21/2021 00:,44449,982536,D,35.0,M,Unknown
08/21/2021 00:,44450,982536,D,49.0,M,Unknown
08/21/2021 00:,44452,982536,D,57.0,M,Unknown
08/21/2021 00:,44453,982536,D,58.0,M,Unknown
08/21/2021 00:,44454,982536,D,59.0,F,Unknown
08/21/2021 00:,44455,982536,D,60.0,F,Unknown
08/21/2021 00:,44456,982536,D,67.0,M,Unknown
08/21/2021 00:,44448,982536,D,22.0,F,Business
08/21/2021 00:,44440,982536,D,1.0,M,Outside/Open Areas
08/21/2021 00:,44441,982536,D,1.0,F,Outside/Open Areas
08/21/2021 00:,44439,982536,D,2.0,M,Permanent Home
08/21/2021 00:,44444,982536,D,55.0,F,Permanent Home
08/21/2021 00:,44451,982536,D,51.0,F,Permanent Home
08/21/2021 00:,44457,982536,D,57.0,F,Permanent Home
08/21/2021 00:,44459,982537,D,70.0,M,Outside/Open Areas
12/11/2021 00:,45848,999788,D,54.0,F,Permanent Home
12/10/2021 00:,45876,997133,D,47.0,M,Permanent Structure
12/10/2021 00:,45877,997133,D,50.0,M,Permanent Structure
12/10/2021 00:,45878,997133,D,12.0,M,Permanent Structure
12/10/2021 00:,45879,997135,D,72.0,M,Vehicle/Towed Trailer
10/12/2022 00:,47057,1056119,D,22.0,F,Vehicle/Towed Trailer
02/03/2022 00:,46174,1009174,I,53.0,M,Vehicle/Towed Trailer
02/24/2022 00:,46209,1009458,D,19.0,M,Vehicle/Towed Trailer
09/25/2022 00:,47045,1054477,D,51.0,F,Vehicle/Towed Trailer
03/03/2023 00:,48573,1077176,D,56.0,M,Outside/Open Areas
04/01/2023 00:,48735,1082450,D,,F,Ball Field
03/03/2023 00:,48648,1073911,D,15.0,F,Outside/Open Areas
03/03/2023 00:,48649,1073911,D,81.0,F,Outside/Open Areas
03/03/2023 00:,48647,1073893,D,62.0,M,Vehicle/Towed Trailer
06/29/2023 00:,49166,1097676,D,52.0,F,Under Tree
04/01/2023 00:,49165,1097018,I,56.0,M,Heavy Equipment/Construction
03/31/2023 00:,49059,1091590,D,,,Permanent Home
03/31/2023 00:,49060,1091590,D,,,Permanent Home
03/31/2023 00:,49061,1091590,D,,,Permanent Home
03/31/2023 00:,49501,1089395,D,31.0,M,Permanent Home
07/02/2023 00:,49185,1099059,D,,M,Outside/Open Areas
12/09/2023 00:,52229,1144554,D,37.0,M,Mobile/Trailer Home
12/09/2023 00:,52230,1144554,D,31.0,F,Mobile/Trailer Home
12/09/2023 00:,52231,1144554,D,2.0,M,Mobile/Trailer Home
12/09/2023 00:,52235,1144360,D,78.0,F,Mobile/Trailer Home
12/09/2023 00:,52232,1144360,D,34.0,M,Permanent Home
12/09/2023 00:,52233,1144360,D,59.0,F,Permanent Home
12/09/2023 00:,52234,1144360,D,10.0,M,Permanent Home
03/31/2023 00:,50224,1089415,D,62.0,F,Mobile/Trailer Home
03/31/2023 00:,50225,1089415,D,62.0,M,Mobile/Trailer Home
03/31/2023 00:,50226,1089415,D,,M,Mobile/Trailer Home
03/31/2023 00:,50228,1089415,D,,F,Mobile/Trailer Home
03/31/2023 00:,50220,1089415,D,70.0,M,Permanent Home
03/31/2023 00:,50221,1089415,D,60.0,F,Permanent Home
03/31/2023 00:,50222,1089415,D,56.0,M,Permanent Home
03/31/2023 00:,50223,1089415,D,59.0,F,Permanent Home
03/31/2023 00:,50227,1089415,D,,F,Mobile/Trailer Home
01/15/2024 00:,52392,1159655,D,73.0,F,Outside/Open Areas
01/15/2024 00:,52394,1159655,D,71.0,F,Permanent Home
01/15/2024 00:,52391,1159655,I,50.0,M,Vehicle/Towed Trailer
01/15/2024 00:,52393,1159655,I,,,Vehicle/Towed Trailer
01/16/2024 00:,58200,1157694,D,,,Unknown
01/16/2024 00:,58202,1157694,D,,,Unknown
01/16/2024 00:,58203,1157694,D,,,Unknown
01/16/2024 00:,58201,1157694,D,,,Unknown
01/15/2024 00:,52298,1148123,I,66.0,M,Outside/Open Areas
01/15/2024 00:,51788,1148130,I,65.0,M,Vehicle/Towed Trailer
01/17/2024 00:,51815,1148303,I,25.0,M,Mobile/Trailer Home
01/15/2024 00:,52382,1158525,I,,,Unknown
01/15/2024 00:,52383,1158525,I,,,Unknown
01/15/2024 00:,52384,1159571,I,,,Unknown
01/15/2024 00:,52385,1159571,I,,,Unknown
01/15/2024 00:,52387,1159650,I,72.0,M,Vehicle/Towed Trailer
01/15/2024 00:,52388,1159650,I,52.0,M,Vehicle/Towed Trailer
01/14/2024 00:,52389,1158345,I,,,Unknown
01/15/2024 00:,52390,1159226,I,,,Unknown
01/20/2024 00:,52395,1158176,I,73.0,F,Unknown
01/21/2024 00:,52396,1158176,I,69.0,F,Vehicle/Towed Trailer
01/19/2024 00:,52287,1148559,I,73.0,M,Vehicle/Towed Trailer
02/27/2024 00:,52261,1154058,I,54.0,F,Vehicle/Towed Trailer
01/17/2024 00:,52306,1157682,D,64.0,M,Outside/Open Areas
01/14/2024 00:,52308,1157613,I,70.0,M,Vehicle/Towed Trailer
01/17/2024 00:,52408,1157687,D,58.0,M,Permanent Home
01/17/2024 00:,52371,1157685,D,68.0,F,Permanent Home
05/08/2024 00:,52804,1176304,D,22.0,M,Vehicle/Towed Trailer
09/27/2024 00:,57440,1218745,D,74.0,M,Vehicle/Towed Trailer
11/25/2024 00:,57379,1218766,I,51.0,F,Vehicle/Towed Trailer
09/27/2024 00:,57398,1218840,D,80.0,F,Vehicle/Towed Trailer
09/27/2024 00:,57399,1218840,D,82.0,M,Vehicle/Towed Trailer
09/27/2024 00:,57401,1218836,D,32.0,M,Outside/Open Areas
09/27/2024 00:,57417,1218675,D,29.0,F,Outside/Open Areas
09/27/2024 00:,57418,1218675,D,44.0,F,Outside/Open Areas
09/27/2024 00:,57419,1218675,D,53.0,F,Outside/Open Areas
09/27/2024 00:,57420,1218675,D,55.0,M,Outside/Open Areas
09/27/2024 00:,57421,1218675,D,56.0,F,Outside/Open Areas
09/27/2024 00:,57422,1218675,D,63.0,F,Outside/Open Areas
09/27/2024 00:,57423,1218675,D,35.0,F,Outside/Open Areas
09/27/2024 00:,57424,1218675,D,38.0,F,Outside/Open Areas
09/27/2024 00:,57425,1218675,D,85.0,M,Outside/Open Areas
09/27/2024 00:,57436,1218741,D,76.0,M,Outside/Open Areas
09/27/2024 00:,57437,1218741,D,77.0,M,Outside/Open Areas
09/27/2024 00:,57438,1218741,I,77.0,F,Permanent Structure
09/27/2024 00:,57435,1218741,I,65.0,M,Vehicle/Towed Trailer
09/30/2024 00:,57439,1218012,I,74.0,F,Permanent Home
05/08/2024 00:,52736,1167747,I,10.0,M,Outside/Open Areas
05/09/2024 00:,52730,1167640,I,28.0,M,Permanent Home
05/09/2024 00:,52731,1167640,I,18.0,F,Permanent Home
05/09/2024 00:,52732,1167640,I,7.0,M,Permanent Home
05/08/2024 00:,52740,1167432,D,67.0,F,Mobile/Trailer Home
02/06/2025 00:,58834,1237395,D,45.0,F,Mobile/Trailer Home
02/06/2025 00:,58835,1237395,D,22.0,F,Mobile/Trailer Home
04/03/2025 00:,59090,1256964,D,16.0,F,Mobile/Trailer Home
04/03/2025 00:,59091,1256964,D,48.0,M,Mobile/Trailer Home
04/04/2025 00:,60065,1289528,D,74.0,M,Outside/Open Areas
04/02/2025 00:,59199,1256962,D,32.0,M,Vehicle/Towed Trailer
04/02/2025 00:,59202,1256962,D,39.0,M,Permanent Home
04/02/2025 00:,59200,1256962,D,39.0,M,Permanent Home
04/02/2025 00:,59201,1256962,D,24.0,F,Permanent Home
04/02/2025 00:,59203,1256962,D,67.0,M,Permanent Home
04/02/2025 00:,59224,1254956,D,22.0,F,Vehicle/Towed Trailer
07/26/2025 00:,59551,1284028,D,16.0,M,Outside/Open Areas
07/21/2025 00:,59550,1283432,D,50.0,M,Outside/Open Areas
08/12/2025 00:,59517,1283123,D,29.0,M,Vehicle/Towed Trailer
08/12/2025 00:,59518,1283123,D,27.0,F,Vehicle/Towed Trailer
08/12/2025 00:,59519,1283123,D,3.0,F,Vehicle/Towed Trailer
08/12/2025 00:,59815,1287783,D,,M,Vehicle/Towed Trailer
