FAT_YEARMONTH,FAT_DAY,FAT_TIME,FATALITY_ID,EVENT_ID,FATALITY_TYPE,FATALITY_DATE,FATALITY_AGE,FATALITY_SEX,FATALITY_LOCATION
201607,8,0,30294,635269,D,07/08/2016 00:00:00,66.0,F,Outside/Open Areas
201607,8,0,30292,635264,D,07/08/2016 00:00:00,60.0,M,Camping
201607,8,0,30293,635264,D,07/08/2016 00:00:00,47.0,F,Camping
201605,4,0,30198,627799,D,05/04/2016 00:00:00,64.0,M,Vehicle/Towed Trailer
201607,14,0,31229,638992,D,07/14/2016 00:00:00,65.0,F,Under Tree
201608,5,0,31263,654247,D,08/05/2016 00:00:00,53.0,F,Permanent Home
201608,2,0,31266,654249,D,08/02/2016 00:00:00,76.0,M,Vehicle/Towed Trailer
201606,24,0,31487,654248,D,06/24/2016 00:00:00,47.0,M,Outside/Open Areas
201607,20,0,31489,657571,D,07/20/2016 00:00:00,65.0,M,Permanent Home
201608,25,0,31490,657762,I,08/25/2016 00:00:00,21.0,M,Heavy Equipment/Construction
201611,30,0,31607,662323,D,11/30/2016 00:00:00,,M,Mobile/Trailer Home
201611,30,0,31608,662323,D,11/30/2016 00:00:00,,F,Mobile/Trailer Home
201704,30,0,33183,683065,D,04/30/2017 00:00:00,43.0,F,Under Tree
201704,30,0,33274,694328,D,04/30/2017 00:00:00,2.0,F,Outside/Open Areas
201706,30,0,33428,700794,I,06/30/2017 00:00:00,,F,Permanent Home
201801,2,0,35175,733015,D,01/02/2018 00:00:00,45.0,F,Outside/Open Areas
201805,28,0,35476,754296,D,05/28/2018 00:00:00,7.0,M,Under Tree
201809,26,0,36136,787252,D,09/26/2018 00:00:00,61.0,F,Outside/Open Areas
201807,6,0,36053,784196,D,07/06/2018 00:00:00,75.0,M,Outside/Open Areas
201807,4,0,35899,773052,D,07/04/2018 00:00:00,46.0,F,Vehicle/Towed Trailer
201807,14,0,35900,773285,D,07/14/2018 00:00:00,40.0,M,Under Tree
201805,26,0,35574,761444,D,05/26/2018 00:00:00,2.0,,In Water
201812,28,0,37367,798906,D,12/28/2018 00:00:00,30.0,F,Camping
201805,23,0,39394,847160,D,05/23/2018 00:00:00,1.0,F,Vehicle/Towed Trailer
201811,6,0,40814,794526,D,11/06/2018 00:00:00,41.0,F,Permanent Home
201902,21,0,37912,811049,D,02/21/2019 00:00:00,62.0,M,Vehicle/Towed Trailer
201902,24,0,38233,810342,D,02/24/2019 00:00:00,59.0,M,Vehicle/Towed Trailer
201907,20,0,39386,846821,D,07/20/2019 00:00:00,18.0,M,Ball Field
201902,6,0,37885,809854,D,02/06/2019 00:00:00,53.0,F,Outside/Open Areas
201907,11,0,39389,846958,D,07/11/2019 00:00:00,3.0,M,Vehicle/Towed Trailer
201910,21,0,39879,862107,I,10/21/2019 00:00:00,16.0,M,Vehicle/Towed Trailer
201910,26,0,39953,862623,D,10/26/2019 00:00:00,63.0,M,Outside/Open Areas
201912,29,0,40696,873433,D,12/29/2019 00:00:00,55.0,M,Outside/Open Areas
202003,3,0,41143,883016,D,03/03/2020 00:00:00,68.0,M,Permanent Home
202003,3,0,41144,883016,D,03/03/2020 00:00:00,34.0,F,Mobile/Trailer Home
202003,3,0,41126,883016,D,03/03/2020 00:00:00,31.0,F,Permanent Home
202003,3,0,41127,883016,D,03/03/2020 00:00:00,4.0,F,Permanent Home
202003,3,0,41128,883016,D,03/03/2020 00:00:00,7.0,M,Mobile/Trailer Home
202003,3,0,41129,883016,D,03/03/2020 00:00:00,54.0,M,Mobile/Trailer Home
202003,3,0,41130,883016,D,03/03/2020 00:00:00,30.0,F,Permanent Home
202003,3,0,41131,883016,D,03/03/2020 00:00:00,4.0,M,Permanent Home
202003,3,0,41132,883016,D,03/03/2020 00:00:00,30.0,M,Permanent Home
202003,3,0,41133,883016,D,03/03/2020 00:00:00,30.0,F,Permanent Home
202003,3,0,41134,883016,D,03/03/2020 00:00:00,2.0,M,Permanent Home
202003,3,0,41135,883016,D,03/03/2020 00:00:00,50.0,M,Permanent Home
202003,3,0,41136,883016,D,03/03/2020 00:00:00,50.0,F,Permanent Home
202003,3,0,41137,883016,D,03/03/2020 00:00:00,67.0,F,Permanent Structure
202003,3,0,41138,883016,D,03/03/2020 00:00:00,28.0,F,Permanent Structure
202003,3,0,41139,883016,D,03/03/2020 00:00:00,12.0,F,Permanent Home
202003,3,0,41140,883016,D,03/03/2020 00:00:00,65.0,M,Mobile/Trailer Home
202003,3,0,41141,883016,D,03/03/2020 00:00:00,63.0,F,Mobile/Trailer Home
202003,3,0,41142,883016,D,03/03/2020 00:00:00,36.0,F,Permanent Home
202003,3,0,40978,882999,D,03/03/2020 00:00:00,36.0,M,Outside/Open Areas
202003,3,0,40979,882999,D,03/03/2020 00:00:00,33.0,F,Outside/Open Areas
202003,3,0,40980,883007,D,03/03/2020 00:00:00,84.0,M,Permanent Home
202003,3,0,40981,883007,D,03/03/2020 00:00:00,81.0,F,Permanent Home
202003,3,0,40982,883007,D,03/03/2020 00:00:00,38.0,F,Permanent Structure
202004,12,0,41090,890609,D,04/12/2020 00:00:00,29.0,M,Permanent Home
202004,12,0,41088,890149,D,04/12/2020 00:00:00,33.0,F,In Water
202005,3,0,41217,897267,D,05/03/2020 00:00:00,34.0,M,Outside/Open Areas
202003,2,0,40848,880546,D,03/02/2020 00:00:00,67.0,M,Mobile/Trailer Home
202004,12,0,41091,876337,D,04/12/2020 00:00:00,46.0,M,Mobile/Trailer Home
202004,15,0,41092,876337,D,04/15/2020 00:00:00,4.0,M,Permanent Home
202002,7,0,40782,872848,I,02/07/2020 00:00:00,19.0,M,Vehicle/Towed Trailer
202105,4,0,43177,957582,D,05/04/2021 00:00:00,49.0,F,Mobile/Trailer Home
202103,28,0,42898,951050,D,03/28/2021 00:00:00,61.0,F,In Water
202103,27,0,43165,951891,D,03/27/2021 00:00:00,46.0,F,Outside/Open Areas
202105,6,0,43232,957686,D,05/06/2021 00:00:00,49.0,M,Other
202103,28,0,42940,951940,D,03/28/2021 00:00:00,65.0,M,Vehicle/Towed Trailer
202103,27,0,42946,951956,D,03/27/2021 00:00:00,64.0,M,Outside/Open Areas
202103,27,0,42947,951956,D,03/27/2021 00:00:00,46.0,F,Outside/Open Areas
202103,27,0,42948,951956,D,03/27/2021 00:00:00,,M,Outside/Open Areas
202103,27,0,42949,951956,D,03/27/2021 00:00:00,70.0,M,Vehicle/Towed Trailer
202103,27,0,42950,951956,D,03/27/2021 00:00:00,65.0,M,Outside/Open Areas
202110,6,0,45205,990176,D,10/06/2021 00:00:00,67.0,M,Vehicle/Towed Trailer
202102,21,0,42647,944327,I,02/21/2021 00:00:00,7.0,F,In Water
202102,14,0,42654,944215,I,02/14/2021 00:00:00,10.0,M,In Water
202102,20,0,42655,944215,D,02/20/2021 00:00:00,,M,Outside/Open Areas
202102,13,0,42656,944215,D,02/13/2021 00:00:00,66.0,F,Permanent Home
202108,21,0,44442,982536,D,08/21/2021 00:00:00,61.0,F,Unknown
202108,21,0,44443,982536,D,08/21/2021 00:00:00,53.0,F,Unknown
202108,21,0,44445,982536,D,08/21/2021 00:00:00,7.0,F,Unknown
202108,21,0,44446,982536,D,08/21/2021 00:00:00,15.0,F,Unknown
202108,21,0,44447,982536,D,08/21/2021 00:00:00,16.0,M,Unknown
202108,21,0,44449,982536,D,08/21/2021 00:00:00,35.0,M,Unknown
202108,21,0,44450,982536,D,08/21/2021 00:00:00,49.0,M,Unknown
202108,21,0,44452,982536,D,08/21/2021 00:00:00,57.0,M,Unknown
202108,21,0,44453,982536,D,08/21/2021 00:00:00,58.0,M,Unknown
202108,21,0,44454,982536,D,08/21/2021 00:00:00,59.0,F,Unknown
202108,21,0,44455,982536,D,08/21/2021 00:00:00,60.0,F,Unknown
202108,21,0,44456,982536,D,08/21/2021 00:00:00,67.0,M,Unknown
202108,21,0,44448,982536,D,08/21/2021 00:00:00,22.0,F,Business
202108,21,0,44440,982536,D,08/21/2021 00:00:00,1.0,M,Outside/Open Areas
202108,21,0,44441,982536,D,08/21/2021 00:00:00,1.0,F,Outside/Open Areas
202108,21,0,44439,982536,D,08/21/2021 00:00:00,2.0,M,Permanent Home
202108,21,0,44444,982536,D,08/21/2021 00:00:00,55.0,F,Permanent Home
202108,21,0,44451,982536,D,08/21/2021 00:00:00,51.0,F,Permanent Home
202108,21,0,44457,982536,D,08/21/2021 00:00:00,57.0,F,Permanent Home
202108,21,0,44459,982537,D,08/21/2021 00:00:00,70.0,M,Outside/Open Areas
202112,11,0,45848,999788,D,12/11/2021 00:00:00,54.0,F,Permanent Home
202112,10,0,45876,997133,D,12/10/2021 00:00:00,47.0,M,Permanent Structure
202112,10,0,45877,997133,D,12/10/2021 00:00:00,50.0,M,Permanent Structure
202112,10,0,45878,997133,D,12/10/2021 00:00:00,12.0,M,Permanent Structure
202112,10,0,45879,997135,D,12/10/2021 00:00:00,72.0,M,Vehicle/Towed Trailer
202210,12,0,47057,1056119,D,10/12/2022 00:00:00,22.0,F,Vehicle/Towed Trailer
202202,3,0,46174,1009174,I,02/03/2022 00:00:00,53.0,M,Vehicle/Towed Trailer
202202,24,0,46209,1009458,D,02/24/2022 00:00:00,19.0,M,Vehicle/Towed Trailer
202209,25,0,47045,1054477,D,09/25/2022 00:00:00,51.0,F,Vehicle/Towed Trailer
202303,3,0,48573,1077176,D,03/03/2023 00:00:00,56.0,M,Outside/Open Areas
202304,1,0,48735,1082450,D,04/01/2023 00:00:00,,F,Ball Field
202303,3,0,48648,1073911,D,03/03/2023 00:00:00,15.0,F,Outside/Open Areas
202303,3,0,48649,1073911,D,03/03/2023 00:00:00,81.0,F,Outside/Open Areas
202303,3,0,48647,1073893,D,03/03/2023 00:00:00,62.0,M,Vehicle/Towed Trailer
202306,29,0,49166,1097676,D,06/29/2023 00:00:00,52.0,F,Under Tree
202304,1,0,49165,1097018,I,04/01/2023 00:00:00,56.0,M,Heavy Equipment/Construction
202303,31,0,49059,1091590,D,03/31/2023 00:00:00,,,Permanent Home
202303,31,0,49060,1091590,D,03/31/2023 00:00:00,,,Permanent Home
202303,31,0,49061,1091590,D,03/31/2023 00:00:00,,,Permanent Home
202303,31,0,49501,1089395,D,03/31/2023 00:00:00,31.0,M,Permanent Home
202307,2,0,49185,1099059,D,07/02/2023 00:00:00,,M,Outside/Open Areas
202312,9,0,52229,1144554,D,12/09/2023 00:00:00,37.0,M,Mobile/Trailer Home
202312,9,0,52230,1144554,D,12/09/2023 00:00:00,31.0,F,Mobile/Trailer Home
202312,9,0,52231,1144554,D,12/09/2023 00:00:00,2.0,M,Mobile/Trailer Home
202312,9,0,52235,1144360,D,12/09/2023 00:00:00,78.0,F,Mobile/Trailer Home
202312,9,0,52232,1144360,D,12/09/2023 00:00:00,34.0,M,Permanent Home
202312,9,0,52233,1144360,D,12/09/2023 00:00:00,59.0,F,Permanent Home
202312,9,0,52234,1144360,D,12/09/2023 00:00:00,10.0,M,Permanent Home
202303,31,0,50224,1089415,D,03/31/2023 00:00:00,62.0,F,Mobile/Trailer Home
202303,31,0,50225,1089415,D,03/31/2023 00:00:00,62.0,M,Mobile/Trailer Home
202303,31,0,50226,1089415,D,03/31/2023 00:00:00,,M,Mobile/Trailer Home
202303,31,0,50228,1089415,D,03/31/2023 00:00:00,,F,Mobile/Trailer Home
202303,31,0,50220,1089415,D,03/31/2023 00:00:00,70.0,M,Permanent Home
202303,31,0,50221,1089415,D,03/31/2023 00:00:00,60.0,F,Permanent Home
202303,31,0,50222,1089415,D,03/31/2023 00:00:00,56.0,M,Permanent Home
202303,31,0,50223,1089415,D,03/31/2023 00:00:00,59.0,F,Permanent Home
202303,31,0,50227,1089415,D,03/31/2023 00:00:00,,F,Mobile/Trailer Home
202401,15,0,52392,1159655,D,01/15/2024 00:00:00,73.0,F,Outside/Open Areas
202401,15,0,52394,1159655,D,01/15/2024 00:00:00,71.0,F,Permanent Home
202401,15,0,52391,1159655,I,01/15/2024 00:00:00,50.0,M,Vehicle/Towed Trailer
202401,15,0,52393,1159655,I,01/15/2024 00:00:00,,,Vehicle/Towed Trailer
202401,16,0,58200,1157694,D,01/16/2024 00:00:00,,,Unknown
202401,16,0,58202,1157694,D,01/16/2024 00:00:00,,,Unknown
202401,16,0,58203,1157694,D,01/16/2024 00:00:00,,,Unknown
202401,16,0,58201,1157694,D,01/16/2024 00:00:00,,,Unknown
202401,15,0,52298,1148123,I,01/15/2024 00:00:00,66.0,M,Outside/Open Areas
202401,15,0,51788,1148130,I,01/15/2024 00:00:00,65.0,M,Vehicle/Towed Trailer
202401,17,0,51815,1148303,I,01/17/2024 00:00:00,25.0,M,Mobile/Trailer Home
202401,15,0,52382,1158525,I,01/15/2024 00:00:00,,,Unknown
202401,15,0,52383,1158525,I,01/15/2024 00:00:00,,,Unknown
202401,15,0,52384,1159571,I,01/15/2024 00:00:00,,,Unknown
202401,15,0,52385,1159571,I,01/15/2024 00:00:00,,,Unknown
202401,15,0,52387,1159650,I,01/15/2024 00:00:00,72.0,M,Vehicle/Towed Trailer
202401,15,0,52388,1159650,I,01/15/2024 00:00:00,52.0,M,Vehicle/Towed Trailer
202401,14,0,52389,1158345,I,01/14/2024 00:00:00,,,Unknown
202401,15,0,52390,1159226,I,01/15/2024 00:00:00,,,Unknown
202401,20,0,52395,1158176,I,01/20/2024 00:00:00,73.0,F,Unknown
202401,21,0,52396,1158176,I,01/21/2024 00:00:00,69.0,F,Vehicle/Towed Trailer
202401,19,0,52287,1148559,I,01/19/2024 00:00:00,73.0,M,Vehicle/Towed Trailer
202402,27,0,52261,1154058,I,02/27/2024 00:00:00,54.0,F,Vehicle/Towed Trailer
202401,17,0,52306,1157682,D,01/17/2024 00:00:00,64.0,M,Outside/Open Areas
202401,14,0,52308,1157613,I,01/14/2024 00:00:00,70.0,M,Vehicle/Towed Trailer
202401,17,0,52408,1157687,D,01/17/2024 00:00:00,58.0,M,Permanent Home
202401,17,0,52371,1157685,D,01/17/2024 00:00:00,68.0,F,Permanent Home
202405,8,0,52804,1176304,D,05/08/2024 00:00:00,22.0,M,Vehicle/Towed Trailer
202409,27,0,57440,1218745,D,09/27/2024 00:00:00,74.0,M,Vehicle/Towed Trailer
202411,25,0,57379,1218766,I,11/25/2024 00:00:00,51.0,F,Vehicle/Towed Trailer
202409,27,0,57398,1218840,D,09/27/2024 00:00:00,80.0,F,Vehicle/Towed Trailer
202409,27,0,57399,1218840,D,09/27/2024 00:00:00,82.0,M,Vehicle/Towed Trailer
202409,27,0,57401,1218836,D,09/27/2024 00:00:00,32.0,M,Outside/Open Areas
202409,27,0,57417,1218675,D,09/27/2024 00:00:00,29.0,F,Outside/Open Areas
202409,27,0,57418,1218675,D,09/27/2024 00:00:00,44.0,F,Outside/Open Areas
202409,27,0,57419,1218675,D,09/27/2024 00:00:00,53.0,F,Outside/Open Areas
202409,27,0,57420,1218675,D,09/27/2024 00:00:00,55.0,M,Outside/Open Areas
202409,27,0,57421,1218675,D,09/27/2024 00:00:00,56.0,F,Outside/Open Areas
202409,27,0,57422,1218675,D,09/27/2024 00:00:00,63.0,F,Outside/Open Areas
202409,27,0,57423,1218675,D,09/27/2024 00:00:00,35.0,F,Outside/Open Areas
202409,27,0,57424,1218675,D,09/27/2024 00:00:00,38.0,F,Outside/Open Areas
202409,27,0,57425,1218675,D,09/27/2024 00:00:00,85.0,M,Outside/Open Areas
202409,27,0,57436,1218741,D,09/27/2024 00:00:00,76.0,M,Outside/Open Areas
202409,27,0,57437,1218741,D,09/27/2024 00:00:00,77.0,M,Outside/Open Areas
202409,27,0,57438,1218741,I,09/27/2024 00:00:00,77.0,F,Permanent Structure
202409,27,0,57435,1218741,I,09/27/2024 00:00:00,65.0,M,Vehicle/Towed Trailer
202409,30,0,57439,1218012,I,09/30/2024 00:00:00,74.0,F,Permanent Home
202405,8,0,52736,1167747,I,05/08/2024 00:00:00,10.0,M,Outside/Open Areas
202405,9,0,52730,1167640,I,05/09/2024 00:00:00,28.0,M,Permanent Home
202405,9,0,52731,1167640,I,05/09/2024 00:00:00,18.0,F,Permanent Home
202405,9,0,52732,1167640,I,05/09/2024 00:00:00,7.0,M,Permanent Home
202405,8,0,52740,1167432,D,05/08/2024 00:00:00,67.0,F,Mobile/Trailer Home
202502,6,0,58834,1237395,D,02/06/2025 00:00:00,45.0,F,Mobile/Trailer Home
202502,6,0,58835,1237395,D,02/06/2025 00:00:00,22.0,F,Mobile/Trailer Home
202504,3,0,59090,1256964,D,04/03/2025 00:00:00,16.0,F,Mobile/Trailer Home
202504,3,0,59091,1256964,D,04/03/2025 00:00:00,48.0,M,Mobile/Trailer Home
202504,4,0,60065,1289528,D,04/04/2025 00:00:00,74.0,M,Outside/Open Areas
202504,2,0,59199,1256962,D,04/02/2025 00:00:00,32.0,M,Vehicle/Towed Trailer
202504,2,0,59202,1256962,D,04/02/2025 00:00:00,39.0,M,Permanent Home
202504,2,0,59200,1256962,D,04/02/2025 00:00:00,39.0,M,Permanent Home
202504,2,0,59201,1256962,D,04/02/2025 00:00:00,24.0,F,Permanent Home
202504,2,0,59203,1256962,D,04/02/2025 00:00:00,67.0,M,Permanent Home
202504,2,0,59224,1254956,D,04/02/2025 00:00:00,22.0,F,Vehicle/Towed Trailer
202507,26,0,59551,1284028,D,07/26/2025 00:00:00,16.0,M,Outside/Open Areas
202507,21,0,59550,1283432,D,07/21/2025 00:00:00,50.0,M,Outside/Open Areas
202508,12,0,59517,1283123,D,08/12/2025 00:00:00,29.0,M,Vehicle/Towed Trailer
202508,12,0,59518,1283123,D,08/12/2025 00:00:00,27.0,F,Vehicle/Towed Trailer
202508,12,0,59519,1283123,D,08/12/2025 00:00:00,3.0,F,Vehicle/Towed Trailer
202508,12,0,59815,1287783,D,08/12/2025 00:00:00,,M,Vehicle/Towed Trailer
